id,name,owner_name,owner_status,province_name,county_name,city_name,address,address_status,primary_phone,mobile_phone,other_phones,phone_status,phone_type,website,domain,owner_conflict,business_type,categories,primary_category,source_count,independent_source_count,source_keys,evidence_urls,first_evidence_url,relevance_score,confidence,confidence_band,status,field_status,discovered_at,last_seen_at,last_validated_at,is_duplicate_merged,is_synthetic,confidence_breakdown,description
22,شرکت فروشگاه لوازم آرایشی و بهداشتی رضایی,رضایی رضا,NOT_FOUND,سیستان و بلوچستان,خاش,خاش,خاش، میدان مرکزی، پلاک 48,NOT_FOUND,NOT_FOUND,"09120000375, 09120000310, 09120000175, 09120000170, 09120000365, 09120000355, 09120000370, 09120000115, 09120000125, 09120000210, 09120000200, 09120000260, 09120000265, 09120000275, 09120000277, 09120000280, 09120000225, 09120000165, 09120000130, 09120000180, 09120000105, 09120000150, 09120000215, 09120000160, 09120000360, 09120000155, 09120000345, 09120000250, 09120000110, 09120000120, 09120000135, 09120000205, 09120000350, 09120000295, 09120000305, 09120000325, 09120000320, 09120000315, 09120000270",,VALID,MOBILE,https://cosmetic-c8738-375.example.ir/,example.ir,CONFLICTED,RETAILER,"COSMETIC, DETERGENT, HYGIENE",COSMETIC,2,1,,,NOT_FOUND,75,74,HIGH,ACTIVE,"{""address"": ""CONFLICTED"", ""city"": ""OK"", ""county"": ""OK"", ""province"": ""OK"", ""name"": ""OK"", ""website"": ""OK"", ""owner_name"": ""OK""}",2026-10-07T04:03:22.290761,2026-10-07T04:05:37.530437,2026-10-07T04:05:44.963622,NO,YES,"{""band_label"": ""اعتبار بالا"", ""components"": {""source"": 70.0, ""corroboration"": 42.0, ""fields"": 100.0, ""phone"": 93.0}, ""penalties"": [], ""reasons"": [""بهترین منبع با اعتبار 0.70"", ""1 منبع مستقل تأییدکننده"", ""پیش‌شماره با شهر کسب‌وکار سازگار است"", ""شماره در بلوک مصنوعی تست قرار دارد""], ""independent_domains"": 1, ""observations"": 85}",شرکت فروشگاه لوازم آرایشی و بهداشتی رضایی . شرکت فروشگاه لوازم آرایشی و بهداشتی رضایی — فروشگاه لوازم آرایشی و بهداشتی، خاش، تلفن: 005-40000375 — همراه: 09120000375. آدرس: خاش، میدان مرکزی، پلاک 48
2,بازرگانی عمده فروشی محصولات بهداشتی شریفی,شریفی محمد,NOT_FOUND,سمنان,مهدی شهر,مهدی شهر,مهدی شهر، خیابان ۲۲ بهمن، پلاک 25,NOT_FOUND,NOT_FOUND,09120000162,,VALID,MOBILE,NOT_FOUND,,OK,WHOLESALER,HYGIENE,HYGIENE,2,1,,,NOT_FOUND,63,71,HIGH,ACTIVE,"{""address"": ""OK"", ""city"": ""OK"", ""county"": ""OK"", ""province"": ""OK"", ""name"": ""OK"", ""website"": ""NOT_FOUND"", ""owner_name"": ""OK""}",2026-10-07T04:03:22.005452,2026-10-07T04:05:44.216955,2026-10-07T04:05:44.219262,NO,YES,"{""band_label"": ""اعتبار بالا"", ""components"": {""source"": 70.0, ""corroboration"": 42.0, ""fields"": 88.0, ""phone"": 93.0}, ""penalties"": [], ""reasons"": [""بهترین منبع با اعتبار 0.70"", ""1 منبع مستقل تأییدکننده"", ""پیش‌شماره با شهر کسب‌وکار سازگار است"", ""شماره در بلوک مصنوعی تست قرار دارد""], ""independent_domains"": 1, ""observations"": 2}",بازرگانی عمده فروشی محصولات بهداشتی شریفی . بازرگانی عمده فروشی محصولات بهداشتی شریفی — عمده فروشی محصولات بهداشتی، مهدی شهر، تلفن: 002-30000162 — همراه: 09120000162. آدرس: مهدی شهر، خیابان ۲۲ بهمن، پلاک 25
6,عمده فروشی لوازم آرایشی و بهداشتی موسوی,موسوی علی,NOT_FOUND,سمنان,مهدی شهر,مهدی شهر,مهدی شهر، میدان مرکزی، پلاک 13,NOT_FOUND,NOT_FOUND,09120000174,,VALID,MOBILE,NOT_FOUND,,OK,WHOLESALER,COSMETIC,COSMETIC,2,1,,,NOT_FOUND,75,71,HIGH,ACTIVE,"{""address"": ""OK"", ""city"": ""OK"", ""county"": ""OK"", ""province"": ""OK"", ""name"": ""OK"", ""website"": ""NOT_FOUND"", ""owner_name"": ""OK""}",2026-10-07T04:03:22.029470,2026-10-07T04:05:43.965101,2026-10-07T04:05:43.967914,NO,YES,"{""band_label"": ""اعتبار بالا"", ""components"": {""source"": 70.0, ""corroboration"": 42.0, ""fields"": 88.0, ""phone"": 93.0}, ""penalties"": [], ""reasons"": [""بهترین منبع با اعتبار 0.70"", ""1 منبع مستقل تأییدکننده"", ""پیش‌شماره با شهر کسب‌وکار سازگار است"", ""شماره در بلوک مصنوعی تست قرار دارد""], ""independent_domains"": 1, ""observations"": 2}",عمده فروشی لوازم آرایشی و بهداشتی موسوی . عمده فروشی لوازم آرایشی و بهداشتی موسوی — عمده فروشی لوازم آرایشی و بهداشتی، مهدی شهر، تلفن: 002-30000174 — همراه: 09120000174. آدرس: مهدی شهر، میدان مرکزی، پلاک 13
11,فروشگاه محصولات بهداشتی کریمی,کریمی حسن,NOT_FOUND,سمنان,مهدی شهر,مهدی شهر,مهدی شهر، خیابان ۲۲ بهمن، پلاک 156,NOT_FOUND,NOT_FOUND,09120000171,,VALID,MOBILE,NOT_FOUND,,OK,RETAILER,HYGIENE,HYGIENE,2,1,,,NOT_FOUND,63,71,HIGH,ACTIVE,"{""address"": ""OK"", ""city"": ""OK"", ""county"": ""OK"", ""province"": ""OK"", ""name"": ""OK"", ""website"": ""NOT_FOUND"", ""owner_name"": ""OK""}",2026-10-07T04:03:22.055107,2026-10-07T04:05:44.208009,2026-10-07T04:05:44.210631,NO,YES,"{""band_label"": ""اعتبار بالا"", ""components"": {""source"": 70.0, ""corroboration"": 42.0, ""fields"": 88.0, ""phone"": 93.0}, ""penalties"": [], ""reasons"": [""بهترین منبع با اعتبار 0.70"", ""1 منبع مستقل تأییدکننده"", ""پیش‌شماره با شهر کسب‌وکار سازگار است"", ""شماره در بلوک مصنوعی تست قرار دارد""], ""independent_domains"": 1, ""observations"": 2}",فروشگاه محصولات بهداشتی کریمی . فروشگاه محصولات بهداشتی کریمی — فروشگاه محصولات بهداشتی، مهدی شهر، تلفن: 002-30000171 — همراه: 09120000171. آدرس: مهدی شهر، خیابان ۲۲ بهمن، پلاک 156
15,بازرگانی عمده فروشی لوازم آرایشی و بهداشتی زمانی,زمانی محمد,NOT_FOUND,سیستان و بلوچستان,خاش,خاش,خاش، کوی کارگران، پلاک 124,NOT_FOUND,NOT_FOUND,"09120000366, 09120000367",,VALID,MOBILE,NOT_FOUND,,CONFLICTED,WHOLESALER,COSMETIC,COSMETIC,2,1,,,NOT_FOUND,75,71,HIGH,ACTIVE,"{""address"": ""CONFLICTED"", ""city"": ""OK"", ""county"": ""OK"", ""province"": ""OK"", ""name"": ""OK"", ""website"": ""NOT_FOUND"", ""owner_name"": ""OK""}",2026-10-07T04:03:22.247758,2026-10-07T04:05:43.476266,2026-10-07T04:05:43.479602,NO,YES,"{""band_label"": ""اعتبار بالا"", ""components"": {""source"": 70.0, ""corroboration"": 42.0, ""fields"": 88.0, ""phone"": 93.0}, ""penalties"": [], ""reasons"": [""بهترین منبع با اعتبار 0.70"", ""1 منبع مستقل تأییدکننده"", ""پیش‌شماره با شهر کسب‌وکار سازگار است"", ""شماره در بلوک مصنوعی تست قرار دارد""], ""independent_domains"": 1, ""observations"": 3}",بازرگانی عمده فروشی لوازم آرایشی و بهداشتی زمانی . بازرگانی عمده فروشی لوازم آرایشی و بهداشتی زمانی — عمده فروشی لوازم آرایشی و بهداشتی، خاش، تلفن: 005-40000366 — همراه: 09120000366. آدرس: خاش، کوی کارگران، پلاک 124
18,عمده فروشی محصولات بهداشتی احمدی,احمدی محمد,NOT_FOUND,سیستان و بلوچستان,خاش,خاش,خاش، خیابان امام خمینی، پلاک 76,NOT_FOUND,NOT_FOUND,09120000354,,VALID,MOBILE,NOT_FOUND,,OK,WHOLESALER,HYGIENE,HYGIENE,1,1,,,NOT_FOUND,63,71,HIGH,ACTIVE,"{""address"": ""OK"", ""city"": ""OK"", ""county"": ""OK"", ""province"": ""OK"", ""name"": ""OK"", ""website"": ""NOT_FOUND"", ""owner_name"": ""OK""}",2026-10-07T04:03:22.269631,2026-10-07T04:05:43.378571,2026-10-07T04:05:43.412220,NO,YES,"{""band_label"": ""اعتبار بالا"", ""components"": {""source"": 70.0, ""corroboration"": 40.0, ""fields"": 88.0, ""phone"": 93.0}, ""penalties"": [], ""reasons"": [""بهترین منبع با اعتبار 0.70"", ""1 منبع مستقل تأییدکننده"", ""پیش‌شماره با شهر کسب‌وکار سازگار است"", ""شماره در بلوک مصنوعی تست قرار دارد""], ""independent_domains"": 1, ""observations"": 1}",عمده فروشی محصولات بهداشتی احمدی . عمده فروشی محصولات بهداشتی احمدی — عمده فروشی محصولات بهداشتی، خاش، تلفن: 005-40000354 — همراه: 09120000354. آدرس: خاش، خیابان امام خمینی، پلاک 76
26,شرکت پخش لوازم آرایشی و بهداشتی حسینی,حسینی رضا,NOT_FOUND,سیستان و بلوچستان,خاش,خاش,خاش، خیابان ۲۲ بهمن، پلاک 4,NOT_FOUND,NOT_FOUND,09120000369,,VALID,MOBILE,NOT_FOUND,,OK,DISTRIBUTOR,COSMETIC,COSMETIC,1,1,,,NOT_FOUND,75,71,HIGH,ACTIVE,"{""address"": ""OK"", ""city"": ""OK"", ""county"": ""OK"", ""province"": ""OK"", ""name"": ""OK"", ""website"": ""NOT_FOUND"", ""owner_name"": ""OK""}",2026-10-07T04:03:22.311103,2026-10-07T04:05:37.681524,2026-10-07T04:05:37.684141,NO,YES,"{""band_label"": ""اعتبار بالا"", ""components"": {""source"": 70.0, ""corroboration"": 40.0, ""fields"": 88.0, ""phone"": 93.0}, ""penalties"": [], ""reasons"": [""بهترین منبع با اعتبار 0.70"", ""1 منبع مستقل تأییدکننده"", ""پیش‌شماره با شهر کسب‌وکار سازگار است"", ""شماره در بلوک مصنوعی تست قرار دارد""], ""independent_domains"": 1, ""observations"": 1}",شرکت پخش لوازم آرایشی و بهداشتی حسینی . شرکت پخش لوازم آرایشی و بهداشتی حسینی — پخش لوازم آرایشی و بهداشتی، خاش، تلفن: 005-40000369 — همراه: 09120000369. آدرس: خاش، خیابان ۲۲ بهمن، پلاک 4
29,بازرگانی پخش لوازم آرایشی و بهداشتی جعفری,جعفری محمد,NOT_FOUND,سیستان و بلوچستان,خاش,خاش,خاش، بلوار شهید بهشتی، پلاک 156,NOT_FOUND,NOT_FOUND,09120000372,,VALID,MOBILE,NOT_FOUND,,OK,DISTRIBUTOR,COSMETIC,COSMETIC,2,1,,,NOT_FOUND,75,71,HIGH,ACTIVE,"{""address"": ""OK"", ""city"": ""OK"", ""county"": ""OK"", ""province"": ""OK"", ""name"": ""OK"", ""website"": ""NOT_FOUND"", ""owner_name"": ""OK""}",2026-10-07T04:03:22.326165,2026-10-07T04:05:33.366313,2026-10-07T04:05:33.368862,NO,YES,"{""band_label"": ""اعتبار بالا"", ""components"": {""source"": 70.0, ""corroboration"": 42.0, ""fields"": 88.0, ""phone"": 93.0}, ""penalties"": [], ""reasons"": [""بهترین منبع با اعتبار 0.70"", ""1 منبع مستقل تأییدکننده"", ""پیش‌شماره با شهر کسب‌وکار سازگار است"", ""شماره در بلوک مصنوعی تست قرار دارد""], ""independent_domains"": 1, ""observations"": 2}",بازرگانی پخش لوازم آرایشی و بهداشتی جعفری . بازرگانی پخش لوازم آرایشی و بهداشتی جعفری — پخش لوازم آرایشی و بهداشتی، خاش، تلفن: 005-40000372 — همراه: 09120000372. آدرس: خاش، بلوار شهید بهشتی، پلاک 156
31,بازرگانی عمده فروشی محصولات بهداشتی احمدی,احمدی رضا,NOT_FOUND,یزد,بافق,بافق,بافق، بلوار معلم، پلاک 155,NOT_FOUND,NOT_FOUND,09120000114,,VALID,MOBILE,NOT_FOUND,,OK,WHOLESALER,HYGIENE,HYGIENE,1,1,,,NOT_FOUND,63,71,HIGH,ACTIVE,"{""address"": ""OK"", ""city"": ""OK"", ""county"": ""OK"", ""province"": ""OK"", ""name"": ""OK"", ""website"": ""NOT_FOUND"", ""owner_name"": ""OK""}",2026-10-07T04:03:22.512792,2026-10-07T04:05:43.844539,2026-10-07T04:05:43.846972,NO,YES,"{""band_label"": ""اعتبار بالا"", ""components"": {""source"": 70.0, ""corroboration"": 40.0, ""fields"": 88.0, ""phone"": 93.0}, ""penalties"": [], ""reasons"": [""بهترین منبع با اعتبار 0.70"", ""1 منبع مستقل تأییدکننده"", ""پیش‌شماره با شهر کسب‌وکار سازگار است"", ""شماره در بلوک مصنوعی تست قرار دارد""], ""independent_domains"": 1, ""observations"": 1}",بازرگانی عمده فروشی محصولات بهداشتی احمدی . بازرگانی عمده فروشی محصولات بهداشتی احمدی — عمده فروشی محصولات بهداشتی، بافق، تلفن: 003-50000114 — همراه: 09120000114. آدرس: بافق، بلوار معلم، پلاک 155
42,شرکت عمده فروشی مواد شوینده بهرامی,بهرامی رضا,NOT_FOUND,اصفهان,نطنز,نطنز,نطنز، خیابان بازار، پلاک 93,NOT_FOUND,NOT_FOUND,09120000198,,VALID,MOBILE,NOT_FOUND,,OK,WHOLESALER,DETERGENT,DETERGENT,2,1,,,NOT_FOUND,66,71,HIGH,ACTIVE,"{""address"": ""OK"", ""city"": ""OK"", ""county"": ""OK"", ""province"": ""OK"", ""name"": ""OK"", ""website"": ""NOT_FOUND"", ""owner_name"": ""OK""}",2026-10-07T04:03:22.760318,2026-10-07T04:05:39.986697,2026-10-07T04:05:39.996776,NO,YES,"{""band_label"": ""اعتبار بالا"", ""components"": {""source"": 70.0, ""corroboration"": 42.0, ""fields"": 88.0, ""phone"": 93.0}, ""penalties"": [], ""reasons"": [""بهترین منبع با اعتبار 0.70"", ""1 منبع مستقل تأییدکننده"", ""پیش‌شماره با شهر کسب‌وکار سازگار است"", ""شماره در بلوک مصنوعی تست قرار دارد""], ""independent_domains"": 1, ""observations"": 2}",شرکت عمده فروشی مواد شوینده بهرامی . شرکت عمده فروشی مواد شوینده بهرامی — عمده فروشی مواد شوینده، نطنز، تلفن: 003-10000198 — همراه: 09120000198. آدرس: نطنز، خیابان بازار، پلاک 93
45,بازرگانی عمده فروشی لوازم آرایشی و بهداشتی بهرامی,بهرامی حسن,NOT_FOUND,اصفهان,نطنز,نطنز,نطنز، بلوار شهید بهشتی، پلاک 21,NOT_FOUND,NOT_FOUND,"09120000222, 09120000221",,VALID,MOBILE,NOT_FOUND,,CONFLICTED,WHOLESALER,COSMETIC,COSMETIC,2,1,,,NOT_FOUND,75,71,HIGH,ACTIVE,"{""address"": ""CONFLICTED"", ""city"": ""OK"", ""county"": ""OK"", ""province"": ""OK"", ""name"": ""OK"", ""website"": ""NOT_FOUND"", ""owner_name"": ""OK""}",2026-10-07T04:03:22.785527,2026-10-07T04:05:42.586800,2026-10-07T04:05:42.590974,NO,YES,"{""band_label"": ""اعتبار بالا"", ""components"": {""source"": 70.0, ""corroboration"": 40.0, ""fields"": 88.0, ""phone"": 93.0}, ""penalties"": [], ""reasons"": [""بهترین منبع با اعتبار 0.70"", ""1 منبع مستقل تأییدکننده"", ""پیش‌شماره با شهر کسب‌وکار سازگار است"", ""شماره در بلوک مصنوعی تست قرار دارد""], ""independent_domains"": 1, ""observations"": 2}",بازرگانی عمده فروشی لوازم آرایشی و بهداشتی بهرامی . بازرگانی عمده فروشی لوازم آرایشی و بهداشتی بهرامی — عمده فروشی لوازم آرایشی و بهداشتی، نطنز، تلفن: 003-10000222 — همراه: 09120000222. آدرس: نطنز، بلوار شهید بهشتی، پلاک 21
49,عمده فروشی مواد شوینده کریمی,کریمی رضا,NOT_FOUND,یزد,بافق,بافق,بافق، بلوار شهید بهشتی، پلاک 21,NOT_FOUND,NOT_FOUND,09120000102,,VALID,MOBILE,NOT_FOUND,,OK,WHOLESALER,DETERGENT,DETERGENT,2,1,,,NOT_FOUND,66,71,HIGH,ACTIVE,"{""address"": ""OK"", ""city"": ""OK"", ""county"": ""OK"", ""province"": ""OK"", ""name"": ""OK"", ""website"": ""NOT_FOUND"", ""owner_name"": ""OK""}",2026-10-07T04:03:22.836705,2026-10-07T04:05:42.204069,2026-10-07T04:05:42.207949,NO,YES,"{""band_label"": ""اعتبار بالا"", ""components"": {""source"": 70.0, ""corroboration"": 42.0, ""fields"": 88.0, ""phone"": 93.0}, ""penalties"": [], ""reasons"": [""بهترین منبع با اعتبار 0.70"", ""1 منبع مستقل تأییدکننده"", ""پیش‌شماره با شهر کسب‌وکار سازگار است"", ""شماره در بلوک مصنوعی تست قرار دارد""], ""independent_domains"": 1, ""observations"": 2}",عمده فروشی مواد شوینده کریمی . عمده فروشی مواد شوینده کریمی — عمده فروشی مواد شوینده، بافق، تلفن: 003-50000102 — همراه: 09120000102. آدرس: بافق، بلوار شهید بهشتی، پلاک 21
52,عمده فروشی محصولات بهداشتی اکبری,اکبری رضا,NOT_FOUND,لرستان,کوهدشت,کوهدشت,کوهدشت، خیابان ۲۲ بهمن، پلاک 120,NOT_FOUND,NOT_FOUND,09120000258,,VALID,MOBILE,NOT_FOUND,,OK,WHOLESALER,HYGIENE,HYGIENE,2,1,,,NOT_FOUND,63,71,HIGH,ACTIVE,"{""address"": ""OK"", ""city"": ""OK"", ""county"": ""OK"", ""province"": ""OK"", ""name"": ""OK"", ""website"": ""NOT_FOUND"", ""owner_name"": ""OK""}",2026-10-07T04:03:22.957236,2026-10-07T04:05:43.029359,2026-10-07T04:05:43.033019,NO,YES,"{""band_label"": ""اعتبار بالا"", ""components"": {""source"": 70.0, ""corroboration"": 42.0, ""fields"": 88.0, ""phone"": 93.0}, ""penalties"": [], ""reasons"": [""بهترین منبع با اعتبار 0.70"", ""1 منبع مستقل تأییدکننده"", ""پیش‌شماره با شهر کسب‌وکار سازگار است"", ""شماره در بلوک مصنوعی تست قرار دارد""], ""independent_domains"": 1, ""observations"": 2}",عمده فروشی محصولات بهداشتی اکبری . عمده فروشی محصولات بهداشتی اکبری — عمده فروشی محصولات بهداشتی، کوهدشت، تلفن: 006-60000258 — همراه: 09120000258. آدرس: کوهدشت، خیابان ۲۲ بهمن، پلاک 120
55,شرکت پخش محصولات بهداشتی احمدی,احمدی محمد,NOT_FOUND,لرستان,کوهدشت,کوهدشت,کوهدشت، بلوار معلم، پلاک 76,NOT_FOUND,NOT_FOUND,09120000261,,VALID,MOBILE,NOT_FOUND,,OK,DISTRIBUTOR,HYGIENE,HYGIENE,2,1,,,NOT_FOUND,63,71,HIGH,ACTIVE,"{""address"": ""OK"", ""city"": ""OK"", ""county"": ""OK"", ""province"": ""OK"", ""name"": ""OK"", ""website"": ""NOT_FOUND"", ""owner_name"": ""OK""}",2026-10-07T04:03:23.178799,2026-10-07T04:05:43.552992,2026-10-07T04:05:43.571070,NO,YES,"{""band_label"": ""اعتبار بالا"", ""components"": {""source"": 70.0, ""corroboration"": 42.0, ""fields"": 88.0, ""phone"": 93.0}, ""penalties"": [], ""reasons"": [""بهترین منبع با اعتبار 0.70"", ""1 منبع مستقل تأییدکننده"", ""پیش‌شماره با شهر کسب‌وکار سازگار است"", ""شماره در بلوک مصنوعی تست قرار دارد""], ""independent_domains"": 1, ""observations"": 2}",شرکت پخش محصولات بهداشتی احمدی . شرکت پخش محصولات بهداشتی احمدی — پخش محصولات بهداشتی، کوهدشت، تلفن: 006-60000261 — همراه: 09120000261. آدرس: کوهدشت، بلوار معلم، پلاک 76
58,بازرگاني پخش محصولات بهداشتي حسيني,حسینی محمد,NOT_FOUND,لرستان,کوهدشت,کوهدشت,کوهدشت، خیابان بازار، پلاک 142,NOT_FOUND,NOT_FOUND,09120000264,,VALID,MOBILE,NOT_FOUND,,OK,DISTRIBUTOR,HYGIENE,HYGIENE,2,1,,,NOT_FOUND,63,71,HIGH,ACTIVE,"{""address"": ""OK"", ""city"": ""OK"", ""county"": ""OK"", ""province"": ""OK"", ""name"": ""OK"", ""website"": ""NOT_FOUND"", ""owner_name"": ""OK""}",2026-10-07T04:03:23.197602,2026-10-07T04:05:43.623954,2026-10-07T04:05:43.626875,NO,YES,"{""band_label"": ""اعتبار بالا"", ""components"": {""source"": 70.0, ""corroboration"": 42.0, ""fields"": 88.0, ""phone"": 93.0}, ""penalties"": [], ""reasons"": [""بهترین منبع با اعتبار 0.70"", ""1 منبع مستقل تأییدکننده"", ""پیش‌شماره با شهر کسب‌وکار سازگار است"", ""شماره در بلوک مصنوعی تست قرار دارد""], ""independent_domains"": 1, ""observations"": 2}",بازرگاني پخش محصولات بهداشتي حسيني . بازرگاني پخش محصولات بهداشتي حسيني — پخش محصولات بهداشتی، کوهدشت، تلفن: 006-60000264 — همراه: 09120000264. آدرس: کوهدشت، خیابان بازار، پلاک 142
63,پخش لوازم آرایشی و بهداشتی کاظمی,کاظمی حسن,NOT_FOUND,لرستان,کوهدشت,کوهدشت,کوهدشت، خیابان بازار، پلاک 69,NOT_FOUND,NOT_FOUND,09120000273,,VALID,MOBILE,NOT_FOUND,,OK,DISTRIBUTOR,COSMETIC,COSMETIC,2,1,,,NOT_FOUND,75,71,HIGH,ACTIVE,"{""address"": ""OK"", ""city"": ""OK"", ""county"": ""OK"", ""province"": ""OK"", ""name"": ""OK"", ""website"": ""NOT_FOUND"", ""owner_name"": ""OK""}",2026-10-07T04:03:23.229310,2026-10-07T04:05:43.629486,2026-10-07T04:05:43.632792,NO,YES,"{""band_label"": ""اعتبار بالا"", ""components"": {""source"": 70.0, ""corroboration"": 42.0, ""fields"": 88.0, ""phone"": 93.0}, ""penalties"": [], ""reasons"": [""بهترین منبع با اعتبار 0.70"", ""1 منبع مستقل تأییدکننده"", ""پیش‌شماره با شهر کسب‌وکار سازگار است"", ""شماره در بلوک مصنوعی تست قرار دارد""], ""independent_domains"": 1, ""observations"": 2}",پخش لوازم آرایشی و بهداشتی کاظمی . پخش لوازم آرایشی و بهداشتی کاظمی — پخش لوازم آرایشی و بهداشتی، کوهدشت، تلفن: 006-60000273 — همراه: 09120000273. آدرس: کوهدشت، خیابان بازار، پلاک 69
66,شرکت پخش لوازم آرایشی و بهداشتی بهرامی,بهرامی علی,NOT_FOUND,لرستان,کوهدشت,کوهدشت,کوهدشت، خیابان ۲۲ بهمن، پلاک 87,NOT_FOUND,NOT_FOUND,09120000276,,VALID,MOBILE,NOT_FOUND,,OK,DISTRIBUTOR,COSMETIC,COSMETIC,1,1,,,NOT_FOUND,75,71,HIGH,ACTIVE,"{""address"": ""OK"", ""city"": ""OK"", ""county"": ""OK"", ""province"": ""OK"", ""name"": ""OK"", ""website"": ""NOT_FOUND"", ""owner_name"": ""OK""}",2026-10-07T04:03:23.247767,2026-10-07T04:05:43.643584,2026-10-07T04:05:43.646882,NO,YES,"{""band_label"": ""اعتبار بالا"", ""components"": {""source"": 70.0, ""corroboration"": 40.0, ""fields"": 88.0, ""phone"": 93.0}, ""penalties"": [], ""reasons"": [""بهترین منبع با اعتبار 0.70"", ""1 منبع مستقل تأییدکننده"", ""پیش‌شماره با شهر کسب‌وکار سازگار است"", ""شماره در بلوک مصنوعی تست قرار دارد""], ""independent_domains"": 1, ""observations"": 1}",شرکت پخش لوازم آرایشی و بهداشتی بهرامی . شرکت پخش لوازم آرایشی و بهداشتی بهرامی — پخش لوازم آرایشی و بهداشتی، کوهدشت، تلفن: 006-60000276 — همراه: 09120000276. آدرس: کوهدشت، خیابان ۲۲ بهمن، پلاک 87
69,فروشگاه لوازم آرایشی و بهداشتی موسوی,موسوی حسن,NOT_FOUND,لرستان,کوهدشت,کوهدشت,کوهدشت، خیابان ۲۲ بهمن، پلاک 88,NOT_FOUND,NOT_FOUND,09120000279,,VALID,MOBILE,NOT_FOUND,,OK,RETAILER,COSMETIC,COSMETIC,2,1,,,NOT_FOUND,75,71,HIGH,ACTIVE,"{""address"": ""OK"", ""city"": ""OK"", ""county"": ""OK"", ""province"": ""OK"", ""name"": ""OK"", ""website"": ""NOT_FOUND"", ""owner_name"": ""OK""}",2026-10-07T04:03:23.265802,2026-10-07T04:05:43.113994,2026-10-07T04:05:43.116862,NO,YES,"{""band_label"": ""اعتبار بالا"", ""components"": {""source"": 70.0, ""corroboration"": 42.0, ""fields"": 88.0, ""phone"": 93.0}, ""penalties"": [], ""reasons"": [""بهترین منبع با اعتبار 0.70"", ""1 منبع مستقل تأییدکننده"", ""پیش‌شماره با شهر کسب‌وکار سازگار است"", ""شماره در بلوک مصنوعی تست قرار دارد""], ""independent_domains"": 1, ""observations"": 2}",فروشگاه لوازم آرایشی و بهداشتی موسوی . فروشگاه لوازم آرایشی و بهداشتی موسوی — فروشگاه لوازم آرایشی و بهداشتی، کوهدشت، تلفن: 006-60000279 — همراه: 09120000279. آدرس: کوهدشت، خیابان ۲۲ بهمن، پلاک 88
70,بازرگانی پخش محصولات بهداشتی قاسمی,قاسمی محمد,NOT_FOUND,یزد,بافق,بافق,بافق، خیابان بازار، پلاک 130 مدیرعامل: قاسمی محمد,NOT_FOUND,NOT_FOUND,09120000117,,VALID,MOBILE,NOT_FOUND,,OK,DISTRIBUTOR,HYGIENE,HYGIENE,2,1,,,NOT_FOUND,63,71,HIGH,ACTIVE,"{""address"": ""OK"", ""owner_name"": ""OK"", ""city"": ""OK"", ""county"": ""OK"", ""province"": ""OK"", ""name"": ""OK"", ""website"": ""NOT_FOUND""}",2026-10-07T04:03:23.369785,2026-10-07T04:05:43.856902,2026-10-07T04:05:43.859141,NO,YES,"{""band_label"": ""اعتبار بالا"", ""components"": {""source"": 70.0, ""corroboration"": 42.0, ""fields"": 88.0, ""phone"": 93.0}, ""penalties"": [], ""reasons"": [""بهترین منبع با اعتبار 0.70"", ""1 منبع مستقل تأییدکننده"", ""پیش‌شماره با شهر کسب‌وکار سازگار است"", ""شماره در بلوک مصنوعی تست قرار دارد""], ""independent_domains"": 1, ""observations"": 2}",بازرگانی پخش محصولات بهداشتی قاسمی دسته: محصولات بهداشتی | نوع: پخش تلفن: 003-50000117 همراه: 09120000117 آدرس: بافق، خیابان بازار، پلاک 130 مدیرعامل: قاسمی محمد
75,شرکت پخش لوازم آرایشی و بهداشتی زمانی,زمانی محمد,NOT_FOUND,سمنان,مهدی شهر,مهدی شهر,مهدی شهر، بلوار معلم، پلاک 192 مدیرعامل: زمانی محمد,NOT_FOUND,NOT_FOUND,09120000177,,VALID,MOBILE,NOT_FOUND,,OK,DISTRIBUTOR,COSMETIC,COSMETIC,2,1,,,NOT_FOUND,75,71,HIGH,ACTIVE,"{""address"": ""OK"", ""owner_name"": ""OK"", ""city"": ""OK"", ""county"": ""OK"", ""province"": ""OK"", ""name"": ""OK"", ""website"": ""NOT_FOUND""}",2026-10-07T04:03:24.406807,2026-10-07T04:05:43.905488,2026-10-07T04:05:43.908064,NO,YES,"{""band_label"": ""اعتبار بالا"", ""components"": {""source"": 70.0, ""corroboration"": 42.0, ""fields"": 88.0, ""phone"": 93.0}, ""penalties"": [], ""reasons"": [""بهترین منبع با اعتبار 0.70"", ""1 منبع مستقل تأییدکننده"", ""پیش‌شماره با شهر کسب‌وکار سازگار است"", ""شماره در بلوک مصنوعی تست قرار دارد""], ""independent_domains"": 1, ""observations"": 2}",شرکت پخش لوازم آرایشی و بهداشتی زمانی دسته: لوازم آرایشی و بهداشتی | نوع: پخش تلفن: 002-30000177 همراه: 09120000177 آدرس: مهدی شهر، بلوار معلم، پلاک 192 مدیرعامل: زمانی محمد
76,بازرگانی پخش محصولات بهداشتی موسوی,موسوی علی,NOT_FOUND,سیستان و بلوچستان,خاش,خاش,خاش، خیابان امام خمینی، پلاک 23 مدیرعامل: موسوی علی,NOT_FOUND,NOT_FOUND,09120000357,,VALID,MOBILE,NOT_FOUND,,OK,DISTRIBUTOR,HYGIENE,HYGIENE,2,1,,,NOT_FOUND,63,71,HIGH,ACTIVE,"{""address"": ""OK"", ""owner_name"": ""OK"", ""city"": ""OK"", ""county"": ""OK"", ""province"": ""OK"", ""name"": ""OK"", ""website"": ""NOT_FOUND""}",2026-10-07T04:03:24.621233,2026-10-07T04:05:42.557107,2026-10-07T04:05:42.559185,NO,YES,"{""band_label"": ""اعتبار بالا"", ""components"": {""source"": 70.0, ""corroboration"": 42.0, ""fields"": 88.0, ""phone"": 93.0}, ""penalties"": [], ""reasons"": [""بهترین منبع با اعتبار 0.70"", ""1 منبع مستقل تأییدکننده"", ""پیش‌شماره با شهر کسب‌وکار سازگار است"", ""شماره در بلوک مصنوعی تست قرار دارد""], ""independent_domains"": 1, ""observations"": 2}",بازرگانی پخش محصولات بهداشتی موسوی دسته: محصولات بهداشتی | نوع: پخش تلفن: 005-40000357 همراه: 09120000357 آدرس: خاش، خیابان امام خمینی، پلاک 23 مدیرعامل: موسوی علی
77,بازرگانی پخش لوازم آرایشی و بهداشتی رضایی,رضایی حسن,NOT_FOUND,یزد,بافق,بافق,بافق، کوی کارگران، پلاک 189 مدیرعامل: رضایی حسن,NOT_FOUND,NOT_FOUND,09120000129,,VALID,MOBILE,NOT_FOUND,,OK,DISTRIBUTOR,COSMETIC,COSMETIC,1,1,,,NOT_FOUND,75,71,HIGH,ACTIVE,"{""address"": ""OK"", ""owner_name"": ""OK"", ""city"": ""OK"", ""county"": ""OK"", ""province"": ""OK"", ""name"": ""OK"", ""website"": ""NOT_FOUND""}",2026-10-07T04:03:24.813171,2026-10-07T04:05:43.808045,2026-10-07T04:05:43.811175,NO,YES,"{""band_label"": ""اعتبار بالا"", ""components"": {""source"": 70.0, ""corroboration"": 40.0, ""fields"": 88.0, ""phone"": 93.0}, ""penalties"": [], ""reasons"": [""بهترین منبع با اعتبار 0.70"", ""1 منبع مستقل تأییدکننده"", ""پیش‌شماره با شهر کسب‌وکار سازگار است"", ""شماره در بلوک مصنوعی تست قرار دارد""], ""independent_domains"": 1, ""observations"": 1}",بازرگانی پخش لوازم آرایشی و بهداشتی رضایی دسته: لوازم آرایشی و بهداشتی | نوع: پخش تلفن: 003-50000129 همراه: 09120000129 آدرس: بافق، کوی کارگران، پلاک 189 مدیرعامل: رضایی حسن
79,بازرگانی پخش محصولات بهداشتی صادقی,صادقی محمد,NOT_FOUND,اصفهان,نطنز,نطنز,نطنز، خیابان امام خمینی، پلاک 65 مدیرعامل: صادقی محمد,NOT_FOUND,NOT_FOUND,09120000213,,VALID,MOBILE,NOT_FOUND,,OK,DISTRIBUTOR,HYGIENE,HYGIENE,1,1,,,NOT_FOUND,63,71,HIGH,ACTIVE,"{""address"": ""OK"", ""owner_name"": ""OK"", ""city"": ""OK"", ""county"": ""OK"", ""province"": ""OK"", ""name"": ""OK"", ""website"": ""NOT_FOUND""}",2026-10-07T04:03:25.041833,2026-10-07T04:05:41.941741,2026-10-07T04:05:41.950339,NO,YES,"{""band_label"": ""اعتبار بالا"", ""components"": {""source"": 70.0, ""corroboration"": 40.0, ""fields"": 88.0, ""phone"": 93.0}, ""penalties"": [], ""reasons"": [""بهترین منبع با اعتبار 0.70"", ""1 منبع مستقل تأییدکننده"", ""پیش‌شماره با شهر کسب‌وکار سازگار است"", ""شماره در بلوک مصنوعی تست قرار دارد""], ""independent_domains"": 1, ""observations"": 1}",بازرگانی پخش محصولات بهداشتی صادقی دسته: محصولات بهداشتی | نوع: پخش تلفن: 003-10000213 همراه: 09120000213 آدرس: نطنز، خیابان امام خمینی، پلاک 65 مدیرعامل: صادقی محمد
92,بازرگانی پخش محصولات بهداشتی کاظمی,کاظمی علی,NOT_FOUND,اصفهان,نطنز,نطنز,نطنز، بلوار شهید بهشتی، پلاک 67,NOT_FOUND,NOT_FOUND,09120000216,,VALID,MOBILE,NOT_FOUND,,OK,DISTRIBUTOR,HYGIENE,HYGIENE,2,1,,,NOT_FOUND,63,71,HIGH,ACTIVE,"{""address"": ""OK"", ""city"": ""OK"", ""county"": ""OK"", ""province"": ""OK"", ""name"": ""OK"", ""website"": ""NOT_FOUND"", ""owner_name"": ""OK""}",2026-10-07T04:03:27.609235,2026-10-07T04:05:42.023240,2026-10-07T04:05:42.060771,NO,YES,"{""band_label"": ""اعتبار بالا"", ""components"": {""source"": 70.0, ""corroboration"": 42.0, ""fields"": 88.0, ""phone"": 93.0}, ""penalties"": [], ""reasons"": [""بهترین منبع با اعتبار 0.70"", ""1 منبع مستقل تأییدکننده"", ""پیش‌شماره با شهر کسب‌وکار سازگار است"", ""شماره در بلوک مصنوعی تست قرار دارد""], ""independent_domains"": 1, ""observations"": 2}",بازرگانی پخش محصولات بهداشتی کاظمی . بازرگانی پخش محصولات بهداشتی کاظمی — پخش محصولات بهداشتی، نطنز، تلفن: 003-10000216 — همراه: 09120000216. آدرس: نطنز، بلوار شهید بهشتی، پلاک 67
97,عمده فروشی مواد شوینده زمانی,زمانی علی,NOT_FOUND,سیستان و بلوچستان,خاش,خاش,خاش، خیابان بازار، پلاک 120,NOT_FOUND,NOT_FOUND,09120000342,,VALID,MOBILE,NOT_FOUND,,OK,WHOLESALER,DETERGENT,DETERGENT,2,1,,,NOT_FOUND,66,71,HIGH,ACTIVE,"{""address"": ""OK"", ""city"": ""OK"", ""county"": ""OK"", ""province"": ""OK"", ""name"": ""OK"", ""website"": ""NOT_FOUND"", ""owner_name"": ""OK""}",2026-10-07T04:03:28.455351,2026-10-07T04:05:42.528451,2026-10-07T04:05:42.530582,NO,YES,"{""band_label"": ""اعتبار بالا"", ""components"": {""source"": 70.0, ""corroboration"": 42.0, ""fields"": 88.0, ""phone"": 93.0}, ""penalties"": [], ""reasons"": [""بهترین منبع با اعتبار 0.70"", ""1 منبع مستقل تأییدکننده"", ""پیش‌شماره با شهر کسب‌وکار سازگار است"", ""شماره در بلوک مصنوعی تست قرار دارد""], ""independent_domains"": 1, ""observations"": 2}",عمده فروشی مواد شوینده زمانی . عمده فروشی مواد شوینده زمانی — عمده فروشی مواد شوینده، خاش، تلفن: 005-40000342 — همراه: 09120000342. آدرس: خاش، خیابان بازار، پلاک 120
103,پخش مواد شوینده رضایی,رضایی علی,NOT_FOUND,سمنان,مهدی شهر,مهدی شهر,مهدی شهر، خیابان ۲۲ بهمن، پلاک 200 مدیرعامل: رضایی علی,NOT_FOUND,NOT_FOUND,09120000156,,VALID,MOBILE,NOT_FOUND,,OK,DISTRIBUTOR,DETERGENT,DETERGENT,2,1,,,NOT_FOUND,66,71,HIGH,ACTIVE,"{""address"": ""OK"", ""owner_name"": ""OK"", ""city"": ""OK"", ""county"": ""OK"", ""province"": ""OK"", ""name"": ""OK"", ""website"": ""NOT_FOUND""}",2026-10-07T04:03:28.945316,2026-10-07T04:05:42.318228,2026-10-07T04:05:42.320880,NO,YES,"{""band_label"": ""اعتبار بالا"", ""components"": {""source"": 70.0, ""corroboration"": 42.0, ""fields"": 88.0, ""phone"": 93.0}, ""penalties"": [], ""reasons"": [""بهترین منبع با اعتبار 0.70"", ""1 منبع مستقل تأییدکننده"", ""پیش‌شماره با شهر کسب‌وکار سازگار است"", ""شماره در بلوک مصنوعی تست قرار دارد""], ""independent_domains"": 1, ""observations"": 2}",پخش مواد شوینده رضایی دسته: مواد شوینده | نوع: پخش تلفن: 002-30000156 همراه: 09120000156 آدرس: مهدی شهر، خیابان ۲۲ بهمن، پلاک 200 مدیرعامل: رضایی علی
105,بازرگانی فروشگاه محصولات بهداشتی صادقی,صادقی محمد,NOT_FOUND,اصفهان,نطنز,نطنز,نطنز، خیابان طالقانی، پلاک 164,NOT_FOUND,NOT_FOUND,09120000219,,VALID,MOBILE,NOT_FOUND,,OK,RETAILER,HYGIENE,HYGIENE,2,1,,,NOT_FOUND,63,71,HIGH,ACTIVE,"{""address"": ""OK"", ""city"": ""OK"", ""county"": ""OK"", ""province"": ""OK"", ""name"": ""OK"", ""website"": ""NOT_FOUND"", ""owner_name"": ""OK""}",2026-10-07T04:03:29.278534,2026-10-07T04:05:42.168180,2026-10-07T04:05:42.171622,NO,YES,"{""band_label"": ""اعتبار بالا"", ""components"": {""source"": 70.0, ""corroboration"": 42.0, ""fields"": 88.0, ""phone"": 93.0}, ""penalties"": [], ""reasons"": [""بهترین منبع با اعتبار 0.70"", ""1 منبع مستقل تأییدکننده"", ""پیش‌شماره با شهر کسب‌وکار سازگار است"", ""شماره در بلوک مصنوعی تست قرار دارد""], ""independent_domains"": 1, ""observations"": 2}",بازرگانی فروشگاه محصولات بهداشتی صادقی . بازرگانی فروشگاه محصولات بهداشتی صادقی — فروشگاه محصولات بهداشتی، نطنز، تلفن: 003-10000219 — همراه: 09120000219. آدرس: نطنز، خیابان طالقانی، پلاک 164
107,بازرگانی پخش لوازم آرایشی و بهداشتی اکبری,اکبری حسن,NOT_FOUND,اصفهان,نطنز,نطنز,نطنز، بلوار معلم، پلاک 102,NOT_FOUND,NOT_FOUND,09120000228,,VALID,MOBILE,NOT_FOUND,,OK,DISTRIBUTOR,COSMETIC,COSMETIC,2,1,,,NOT_FOUND,75,71,HIGH,ACTIVE,"{""address"": ""OK"", ""city"": ""OK"", ""county"": ""OK"", ""province"": ""OK"", ""name"": ""OK"", ""website"": ""NOT_FOUND"", ""owner_name"": ""OK""}",2026-10-07T04:03:29.310649,2026-10-07T04:05:42.997187,2026-10-07T04:05:42.999632,NO,YES,"{""band_label"": ""اعتبار بالا"", ""components"": {""source"": 70.0, ""corroboration"": 42.0, ""fields"": 88.0, ""phone"": 93.0}, ""penalties"": [], ""reasons"": [""بهترین منبع با اعتبار 0.70"", ""1 منبع مستقل تأییدکننده"", ""پیش‌شماره با شهر کسب‌وکار سازگار است"", ""شماره در بلوک مصنوعی تست قرار دارد""], ""independent_domains"": 1, ""observations"": 2}",بازرگانی پخش لوازم آرایشی و بهداشتی اکبری . بازرگانی پخش لوازم آرایشی و بهداشتی اکبری — پخش لوازم آرایشی و بهداشتی، نطنز، تلفن: 003-10000228 — همراه: 09120000228. آدرس: نطنز، بلوار معلم، پلاک 102
108,شرکت فروشگاه لوازم آرایشی و بهداشتی کاظمی,کاظمی علی,NOT_FOUND,اصفهان,نطنز,نطنز,نطنز، خیابان امام خمینی، پلاک 153,NOT_FOUND,NOT_FOUND,09120000231,,VALID,MOBILE,NOT_FOUND,,OK,RETAILER,COSMETIC,COSMETIC,1,1,,,NOT_FOUND,75,71,HIGH,ACTIVE,"{""address"": ""OK"", ""city"": ""OK"", ""county"": ""OK"", ""province"": ""OK"", ""name"": ""OK"", ""website"": ""NOT_FOUND"", ""owner_name"": ""OK""}",2026-10-07T04:03:29.316282,2026-10-07T04:05:42.637565,2026-10-07T04:05:42.639364,NO,YES,"{""band_label"": ""اعتبار بالا"", ""components"": {""source"": 70.0, ""corroboration"": 40.0, ""fields"": 88.0, ""phone"": 93.0}, ""penalties"": [], ""reasons"": [""بهترین منبع با اعتبار 0.70"", ""1 منبع مستقل تأییدکننده"", ""پیش‌شماره با شهر کسب‌وکار سازگار است"", ""شماره در بلوک مصنوعی تست قرار دارد""], ""independent_domains"": 1, ""observations"": 1}",شرکت فروشگاه لوازم آرایشی و بهداشتی کاظمی . شرکت فروشگاه لوازم آرایشی و بهداشتی کاظمی — فروشگاه لوازم آرایشی و بهداشتی، نطنز، تلفن: 003-10000231 — همراه: 09120000231. آدرس: نطنز، خیابان امام خمینی، پلاک 153
111,بازرگانی پخش مواد شوینده صادقی,صادقی علی,NOT_FOUND,سیستان و بلوچستان,خاش,خاش,خاش، بلوار معلم، پلاک 138,NOT_FOUND,NOT_FOUND,"09120000347, 09120000348",,VALID,MOBILE,NOT_FOUND,,CONFLICTED,DISTRIBUTOR,DETERGENT,DETERGENT,1,1,,,NOT_FOUND,66,71,HIGH,ACTIVE,"{""address"": ""CONFLICTED"", ""city"": ""OK"", ""county"": ""OK"", ""province"": ""OK"", ""name"": ""OK"", ""website"": ""NOT_FOUND"", ""owner_name"": ""OK""}",2026-10-07T04:03:29.557212,2026-10-07T04:05:34.138936,2026-10-07T04:05:34.142362,NO,YES,"{""band_label"": ""اعتبار بالا"", ""components"": {""source"": 70.0, ""corroboration"": 40.0, ""fields"": 88.0, ""phone"": 93.0}, ""penalties"": [], ""reasons"": [""بهترین منبع با اعتبار 0.70"", ""1 منبع مستقل تأییدکننده"", ""پیش‌شماره با شهر کسب‌وکار سازگار است"", ""شماره در بلوک مصنوعی تست قرار دارد""], ""independent_domains"": 1, ""observations"": 2}",بازرگانی پخش مواد شوینده صادقی دسته: مواد شوینده | نوع: پخش تلفن: 005-40000347 همراه: 09120000347 آدرس: خاش، بلوار معلم، پلاک 138
113,شرکت پخش مواد شوینده کاظمی,کاظمی علی,NOT_FOUND,لرستان,کوهدشت,کوهدشت,کوهدشت، بلوار معلم، پلاک 72,NOT_FOUND,NOT_FOUND,09120000249,,VALID,MOBILE,NOT_FOUND,,OK,DISTRIBUTOR,DETERGENT,DETERGENT,1,1,,,NOT_FOUND,66,71,HIGH,ACTIVE,"{""address"": ""OK"", ""city"": ""OK"", ""county"": ""OK"", ""province"": ""OK"", ""name"": ""OK"", ""website"": ""NOT_FOUND"", ""owner_name"": ""OK""}",2026-10-07T04:03:30.527792,2026-10-07T04:05:41.423499,2026-10-07T04:05:41.426477,NO,YES,"{""band_label"": ""اعتبار بالا"", ""components"": {""source"": 70.0, ""corroboration"": 40.0, ""fields"": 88.0, ""phone"": 93.0}, ""penalties"": [], ""reasons"": [""بهترین منبع با اعتبار 0.70"", ""1 منبع مستقل تأییدکننده"", ""پیش‌شماره با شهر کسب‌وکار سازگار است"", ""شماره در بلوک مصنوعی تست قرار دارد""], ""independent_domains"": 1, ""observations"": 1}",شرکت پخش مواد شوینده کاظمی . شرکت پخش مواد شوینده کاظمی — پخش مواد شوینده، کوهدشت، تلفن: 006-60000249 — همراه: 09120000249. آدرس: کوهدشت، بلوار معلم، پلاک 72
116,شرکت پخش مواد شوینده حسینی,حسینی رضا,NOT_FOUND,لرستان,کوهدشت,کوهدشت,کوهدشت، کوی کارگران، پلاک 94,NOT_FOUND,NOT_FOUND,09120000252,,VALID,MOBILE,NOT_FOUND,,OK,DISTRIBUTOR,DETERGENT,DETERGENT,2,1,,,NOT_FOUND,66,71,HIGH,ACTIVE,"{""address"": ""OK"", ""city"": ""OK"", ""county"": ""OK"", ""province"": ""OK"", ""name"": ""OK"", ""website"": ""NOT_FOUND"", ""owner_name"": ""OK""}",2026-10-07T04:03:30.733012,2026-10-07T04:05:41.439765,2026-10-07T04:05:41.442508,NO,YES,"{""band_label"": ""اعتبار بالا"", ""components"": {""source"": 70.0, ""corroboration"": 42.0, ""fields"": 88.0, ""phone"": 93.0}, ""penalties"": [], ""reasons"": [""بهترین منبع با اعتبار 0.70"", ""1 منبع مستقل تأییدکننده"", ""پیش‌شماره با شهر کسب‌وکار سازگار است"", ""شماره در بلوک مصنوعی تست قرار دارد""], ""independent_domains"": 1, ""observations"": 2}",شرکت پخش مواد شوینده حسینی . شرکت پخش مواد شوینده حسینی — پخش مواد شوینده، کوهدشت، تلفن: 006-60000252 — همراه: 09120000252. آدرس: کوهدشت، کوی کارگران، پلاک 94
119,پخش مواد شوینده بهرامی,بهرامی رضا,NOT_FOUND,یزد,بافق,بافق,بافق، خیابان امام خمینی، پلاک 34,NOT_FOUND,NOT_FOUND,09120000108,,VALID,MOBILE,NOT_FOUND,,OK,DISTRIBUTOR,DETERGENT,DETERGENT,2,1,,,NOT_FOUND,66,71,HIGH,ACTIVE,"{""address"": ""OK"", ""city"": ""OK"", ""county"": ""OK"", ""province"": ""OK"", ""name"": ""OK"", ""website"": ""NOT_FOUND"", ""owner_name"": ""OK""}",2026-10-07T04:03:30.753988,2026-10-07T04:05:42.225386,2026-10-07T04:05:42.269350,NO,YES,"{""band_label"": ""اعتبار بالا"", ""components"": {""source"": 70.0, ""corroboration"": 42.0, ""fields"": 88.0, ""phone"": 93.0}, ""penalties"": [], ""reasons"": [""بهترین منبع با اعتبار 0.70"", ""1 منبع مستقل تأییدکننده"", ""پیش‌شماره با شهر کسب‌وکار سازگار است"", ""شماره در بلوک مصنوعی تست قرار دارد""], ""independent_domains"": 1, ""observations"": 2}",پخش مواد شوینده بهرامی . پخش مواد شوینده بهرامی — پخش مواد شوینده، بافق، تلفن: 003-50000108 — همراه: 09120000108. آدرس: بافق، خیابان امام خمینی، پلاک 34
121,بازرگانی پخش مواد شوینده نوری,نوری رضا,NOT_FOUND,اصفهان,نطنز,نطنز,نطنز، میدان مرکزی، پلاک 147,NOT_FOUND,NOT_FOUND,09120000204,,VALID,MOBILE,NOT_FOUND,,OK,DISTRIBUTOR,DETERGENT,DETERGENT,1,1,,,NOT_FOUND,66,71,HIGH,ACTIVE,"{""address"": ""OK"", ""city"": ""OK"", ""county"": ""OK"", ""province"": ""OK"", ""name"": ""OK"", ""website"": ""NOT_FOUND"", ""owner_name"": ""OK""}",2026-10-07T04:03:30.779278,2026-10-07T04:05:41.476947,2026-10-07T04:05:41.478945,NO,YES,"{""band_label"": ""اعتبار بالا"", ""components"": {""source"": 70.0, ""corroboration"": 40.0, ""fields"": 88.0, ""phone"": 93.0}, ""penalties"": [], ""reasons"": [""بهترین منبع با اعتبار 0.70"", ""1 منبع مستقل تأییدکننده"", ""پیش‌شماره با شهر کسب‌وکار سازگار است"", ""شماره در بلوک مصنوعی تست قرار دارد""], ""independent_domains"": 1, ""observations"": 1}",بازرگانی پخش مواد شوینده نوری . بازرگانی پخش مواد شوینده نوری — پخش مواد شوینده، نطنز، تلفن: 003-10000204 — همراه: 09120000204. آدرس: نطنز، میدان مرکزی، پلاک 147
123,شرکت فروشگاه مواد شوینده احمدی,احمدی رضا,NOT_FOUND,یزد,بافق,بافق,بافق، خیابان امام خمینی، پلاک 104,NOT_FOUND,NOT_FOUND,09120000111,,VALID,MOBILE,NOT_FOUND,,OK,RETAILER,DETERGENT,DETERGENT,2,1,,,NOT_FOUND,66,71,HIGH,ACTIVE,"{""address"": ""OK"", ""city"": ""OK"", ""county"": ""OK"", ""province"": ""OK"", ""name"": ""OK"", ""website"": ""NOT_FOUND"", ""owner_name"": ""OK""}",2026-10-07T04:03:31.117953,2026-10-07T04:05:42.280987,2026-10-07T04:05:42.283368,NO,YES,"{""band_label"": ""اعتبار بالا"", ""components"": {""source"": 70.0, ""corroboration"": 42.0, ""fields"": 88.0, ""phone"": 93.0}, ""penalties"": [], ""reasons"": [""بهترین منبع با اعتبار 0.70"", ""1 منبع مستقل تأییدکننده"", ""پیش‌شماره با شهر کسب‌وکار سازگار است"", ""شماره در بلوک مصنوعی تست قرار دارد""], ""independent_domains"": 1, ""observations"": 2}",شرکت فروشگاه مواد شوینده احمدی . شرکت فروشگاه مواد شوینده احمدی — فروشگاه مواد شوینده، بافق، تلفن: 003-50000111 — همراه: 09120000111. آدرس: بافق، خیابان امام خمینی، پلاک 104
138,شرکت فروشگاه مواد شوینده رضایی,رضایی حسن,NOT_FOUND,اصفهان,نطنز,نطنز,نطنز، میدان مرکزی، پلاک 154,NOT_FOUND,NOT_FOUND,09120000207,,VALID,MOBILE,NOT_FOUND,,OK,RETAILER,DETERGENT,DETERGENT,2,1,,,NOT_FOUND,66,71,HIGH,ACTIVE,"{""address"": ""OK"", ""city"": ""OK"", ""county"": ""OK"", ""province"": ""OK"", ""name"": ""OK"", ""website"": ""NOT_FOUND"", ""owner_name"": ""OK""}",2026-10-07T04:03:34.945468,2026-10-07T04:05:40.721266,2026-10-07T04:05:40.723606,NO,YES,"{""band_label"": ""اعتبار بالا"", ""components"": {""source"": 70.0, ""corroboration"": 42.0, ""fields"": 88.0, ""phone"": 93.0}, ""penalties"": [], ""reasons"": [""بهترین منبع با اعتبار 0.70"", ""1 منبع مستقل تأییدکننده"", ""پیش‌شماره با شهر کسب‌وکار سازگار است"", ""شماره در بلوک مصنوعی تست قرار دارد""], ""independent_domains"": 1, ""observations"": 2}",شرکت فروشگاه مواد شوینده رضایی . شرکت فروشگاه مواد شوینده رضایی — فروشگاه مواد شوینده، نطنز، تلفن: 003-10000207 — همراه: 09120000207. آدرس: نطنز، میدان مرکزی، پلاک 154
141,بازرگاني پخش لوازم آرايشي و بهداشتي مرادي,مرادی محمد,NOT_FOUND,یزد,بافق,بافق,بافق، خیابان امام خمینی، پلاک 115 مدیرعامل: مرادی محمد,NOT_FOUND,NOT_FOUND,09120000132,,VALID,MOBILE,NOT_FOUND,,OK,DISTRIBUTOR,COSMETIC,COSMETIC,1,1,,,NOT_FOUND,75,71,HIGH,ACTIVE,"{""address"": ""OK"", ""owner_name"": ""OK"", ""city"": ""OK"", ""county"": ""OK"", ""province"": ""OK"", ""name"": ""OK"", ""website"": ""NOT_FOUND""}",2026-10-07T04:03:35.336177,2026-10-07T04:05:43.822969,2026-10-07T04:05:43.825043,NO,YES,"{""band_label"": ""اعتبار بالا"", ""components"": {""source"": 70.0, ""corroboration"": 40.0, ""fields"": 88.0, ""phone"": 93.0}, ""penalties"": [], ""reasons"": [""بهترین منبع با اعتبار 0.70"", ""1 منبع مستقل تأییدکننده"", ""پیش‌شماره با شهر کسب‌وکار سازگار است"", ""شماره در بلوک مصنوعی تست قرار دارد""], ""independent_domains"": 1, ""observations"": 1}",بازرگاني پخش لوازم آرايشي و بهداشتي مرادي دسته: لوازم آرایشی و بهداشتی | نوع: پخش تلفن: 003-50000132 همراه: 09120000132 آدرس: بافق، خیابان امام خمینی، پلاک 115 مدیرعامل: مرادی محمد
144,شرکت فروشگاه مواد شوینده صادقی,صادقی محمد,NOT_FOUND,سیستان و بلوچستان,خاش,خاش,خاش، کوی کارگران، پلاک 74,NOT_FOUND,NOT_FOUND,09120000351,,VALID,MOBILE,NOT_FOUND,,OK,RETAILER,DETERGENT,DETERGENT,2,1,,,NOT_FOUND,66,71,HIGH,ACTIVE,"{""address"": ""OK"", ""city"": ""OK"", ""county"": ""OK"", ""province"": ""OK"", ""name"": ""OK"", ""website"": ""NOT_FOUND"", ""owner_name"": ""OK""}",2026-10-07T04:03:36.973941,2026-10-07T04:05:42.547155,2026-10-07T04:05:42.549131,NO,YES,"{""band_label"": ""اعتبار بالا"", ""components"": {""source"": 70.0, ""corroboration"": 42.0, ""fields"": 88.0, ""phone"": 93.0}, ""penalties"": [], ""reasons"": [""بهترین منبع با اعتبار 0.70"", ""1 منبع مستقل تأییدکننده"", ""پیش‌شماره با شهر کسب‌وکار سازگار است"", ""شماره در بلوک مصنوعی تست قرار دارد""], ""independent_domains"": 1, ""observations"": 2}",شرکت فروشگاه مواد شوینده صادقی . شرکت فروشگاه مواد شوینده صادقی — فروشگاه مواد شوینده، خاش، تلفن: 005-40000351 — همراه: 09120000351. آدرس: خاش، کوی کارگران، پلاک 74
148,بازرگانی پخش مواد شوینده احمدی,احمدی محمد,NOT_FOUND,گلستان,بندرگز,بندرگز,بندر گز، خیابان ۲۲ بهمن، پلاک 85,NOT_FOUND,NOT_FOUND,09120000297,,VALID,MOBILE,NOT_FOUND,,OK,DISTRIBUTOR,DETERGENT,DETERGENT,2,1,,,NOT_FOUND,66,71,HIGH,ACTIVE,"{""address"": ""OK"", ""city"": ""OK"", ""county"": ""OK"", ""province"": ""OK"", ""name"": ""OK"", ""website"": ""NOT_FOUND"", ""owner_name"": ""OK""}",2026-10-07T04:03:38.425232,2026-10-07T04:05:33.271256,2026-10-07T04:05:33.273784,NO,YES,"{""band_label"": ""اعتبار بالا"", ""components"": {""source"": 70.0, ""corroboration"": 42.0, ""fields"": 88.0, ""phone"": 93.0}, ""penalties"": [], ""reasons"": [""بهترین منبع با اعتبار 0.70"", ""1 منبع مستقل تأییدکننده"", ""پیش‌شماره با شهر کسب‌وکار سازگار است"", ""شماره در بلوک مصنوعی تست قرار دارد""], ""independent_domains"": 1, ""observations"": 2}",بازرگانی پخش مواد شوینده احمدی . بازرگانی پخش مواد شوینده احمدی — پخش مواد شوینده، بندر گز، تلفن: 001-70000297 — همراه: 09120000297. آدرس: بندر گز، خیابان ۲۲ بهمن، پلاک 85
150,شرکت عمده فروشی مواد شوینده شریفی,شریفی رضا,NOT_FOUND,گلستان,بندرگز,بندرگز,بندر گز، خیابان طالقانی، پلاک 41 مدیرعامل: شریفی رضا,NOT_FOUND,NOT_FOUND,09120000294,,VALID,MOBILE,NOT_FOUND,,OK,WHOLESALER,DETERGENT,DETERGENT,2,1,,,NOT_FOUND,66,71,HIGH,ACTIVE,"{""address"": ""OK"", ""owner_name"": ""OK"", ""city"": ""OK"", ""county"": ""OK"", ""province"": ""OK"", ""name"": ""OK"", ""website"": ""NOT_FOUND""}",2026-10-07T04:03:38.946802,2026-10-07T04:05:29.891689,2026-10-07T04:05:29.893815,NO,YES,"{""band_label"": ""اعتبار بالا"", ""components"": {""source"": 70.0, ""corroboration"": 42.0, ""fields"": 88.0, ""phone"": 93.0}, ""penalties"": [], ""reasons"": [""بهترین منبع با اعتبار 0.70"", ""1 منبع مستقل تأییدکننده"", ""پیش‌شماره با شهر کسب‌وکار سازگار است"", ""شماره در بلوک مصنوعی تست قرار دارد""], ""independent_domains"": 1, ""observations"": 2}",شرکت عمده فروشی مواد شوینده شریفی دسته: مواد شوینده | نوع: عمده فروشی تلفن: 001-70000294 همراه: 09120000294 آدرس: بندر گز، خیابان طالقانی، پلاک 41 مدیرعامل: شریفی رضا
153,بازرگانی عمده فروشی محصولات بهداشتی قاسمی,قاسمی علی,NOT_FOUND,گلستان,بندرگز,بندرگز,بندر گز، خیابان ۲۲ بهمن، پلاک 143 مدیرعامل: قاسمی علی,NOT_FOUND,NOT_FOUND,09120000306,,VALID,MOBILE,NOT_FOUND,,OK,WHOLESALER,HYGIENE,HYGIENE,1,1,,,NOT_FOUND,63,71,HIGH,ACTIVE,"{""address"": ""OK"", ""owner_name"": ""OK"", ""city"": ""OK"", ""county"": ""OK"", ""province"": ""OK"", ""name"": ""OK"", ""website"": ""NOT_FOUND""}",2026-10-07T04:03:40.105507,2026-10-07T04:03:40.278777,2026-10-07T04:03:40.281065,NO,YES,"{""band_label"": ""اعتبار بالا"", ""components"": {""source"": 70.0, ""corroboration"": 40.0, ""fields"": 88.0, ""phone"": 93.0}, ""penalties"": [], ""reasons"": [""بهترین منبع با اعتبار 0.70"", ""1 منبع مستقل تأییدکننده"", ""پیش‌شماره با شهر کسب‌وکار سازگار است"", ""شماره در بلوک مصنوعی تست قرار دارد""], ""independent_domains"": 1, ""observations"": 1}",بازرگانی عمده فروشی محصولات بهداشتی قاسمی دسته: محصولات بهداشتی | نوع: عمده فروشی تلفن: 001-70000306 همراه: 09120000306 آدرس: بندر گز، خیابان ۲۲ بهمن، پلاک 143 مدیرعامل: قاسمی علی
156,شرکت پخش محصولات بهداشتی قاسمی,قاسمی حسن,NOT_FOUND,گلستان,بندرگز,بندرگز,بندر گز، خیابان بازار، پلاک 70 مدیرعامل: قاسمی حسن,NOT_FOUND,NOT_FOUND,09120000309,,VALID,MOBILE,NOT_FOUND,,OK,DISTRIBUTOR,HYGIENE,HYGIENE,1,1,,,NOT_FOUND,63,71,HIGH,ACTIVE,"{""address"": ""OK"", ""owner_name"": ""OK"", ""city"": ""OK"", ""county"": ""OK"", ""province"": ""OK"", ""name"": ""OK"", ""website"": ""NOT_FOUND""}",2026-10-07T04:03:40.292451,2026-10-07T04:04:22.811745,2026-10-07T04:04:22.814143,NO,YES,"{""band_label"": ""اعتبار بالا"", ""components"": {""source"": 70.0, ""corroboration"": 40.0, ""fields"": 88.0, ""phone"": 93.0}, ""penalties"": [], ""reasons"": [""بهترین منبع با اعتبار 0.70"", ""1 منبع مستقل تأییدکننده"", ""پیش‌شماره با شهر کسب‌وکار سازگار است"", ""شماره در بلوک مصنوعی تست قرار دارد""], ""independent_domains"": 1, ""observations"": 1}",شرکت پخش محصولات بهداشتی قاسمی دسته: محصولات بهداشتی | نوع: پخش تلفن: 001-70000309 همراه: 09120000309 آدرس: بندر گز، خیابان بازار، پلاک 70 مدیرعامل: قاسمی حسن
160,شرکت فروشگاه مواد شوينده احمدي,احمدی رضا,NOT_FOUND,گلستان,بندرگز,بندرگز,بندر گز، خیابان طالقانی، پلاک 48,NOT_FOUND,NOT_FOUND,09120000303,,VALID,MOBILE,NOT_FOUND,,OK,RETAILER,DETERGENT,DETERGENT,2,1,,,NOT_FOUND,66,71,HIGH,ACTIVE,"{""address"": ""OK"", ""city"": ""OK"", ""county"": ""OK"", ""province"": ""OK"", ""name"": ""OK"", ""website"": ""NOT_FOUND"", ""owner_name"": ""OK""}",2026-10-07T04:03:43.207931,2026-10-07T04:05:16.824254,2026-10-07T04:05:16.826327,NO,YES,"{""band_label"": ""اعتبار بالا"", ""components"": {""source"": 70.0, ""corroboration"": 42.0, ""fields"": 88.0, ""phone"": 93.0}, ""penalties"": [], ""reasons"": [""بهترین منبع با اعتبار 0.70"", ""1 منبع مستقل تأییدکننده"", ""پیش‌شماره با شهر کسب‌وکار سازگار است"", ""شماره در بلوک مصنوعی تست قرار دارد""], ""independent_domains"": 1, ""observations"": 2}",شرکت فروشگاه مواد شوينده احمدي . شرکت فروشگاه مواد شوينده احمدي — فروشگاه مواد شوینده، بندر گز، تلفن: 001-70000303 — همراه: 09120000303. آدرس: بندر گز، خیابان طالقانی، پلاک 48
163,بازرگاني پخش لوازم آرايشي و بهداشتي شريفي,شریفی حسن,NOT_FOUND,گلستان,بندرگز,بندرگز,بندر گز، بلوار معلم، پلاک 136 مدیرعامل: شریفی حسن,NOT_FOUND,NOT_FOUND,09120000324,,VALID,MOBILE,NOT_FOUND,,OK,DISTRIBUTOR,COSMETIC,COSMETIC,1,1,,,NOT_FOUND,75,71,HIGH,ACTIVE,"{""address"": ""OK"", ""owner_name"": ""OK"", ""city"": ""OK"", ""county"": ""OK"", ""province"": ""OK"", ""name"": ""OK"", ""website"": ""NOT_FOUND""}",2026-10-07T04:03:56.299059,2026-10-07T04:05:08.352957,2026-10-07T04:05:08.355198,NO,YES,"{""band_label"": ""اعتبار بالا"", ""components"": {""source"": 70.0, ""corroboration"": 40.0, ""fields"": 88.0, ""phone"": 93.0}, ""penalties"": [], ""reasons"": [""بهترین منبع با اعتبار 0.70"", ""1 منبع مستقل تأییدکننده"", ""پیش‌شماره با شهر کسب‌وکار سازگار است"", ""شماره در بلوک مصنوعی تست قرار دارد""], ""independent_domains"": 1, ""observations"": 1}",بازرگاني پخش لوازم آرايشي و بهداشتي شريفي دسته: لوازم آرایشی و بهداشتی | نوع: پخش تلفن: 001-70000324 همراه: 09120000324 آدرس: بندر گز، بلوار معلم، پلاک 136 مدیرعامل: شریفی حسن
165,بازرگاني فروشگاه لوازم آرايشي و بهداشتي زماني,زمانی حسن,NOT_FOUND,گلستان,بندرگز,بندرگز,بندر گز، خیابان طالقانی، پلاک 125 مدیرعامل: زمانی حسن,NOT_FOUND,NOT_FOUND,09120000327,,VALID,MOBILE,NOT_FOUND,,OK,RETAILER,COSMETIC,COSMETIC,2,1,,,NOT_FOUND,75,71,HIGH,ACTIVE,"{""address"": ""OK"", ""owner_name"": ""OK"", ""city"": ""OK"", ""county"": ""OK"", ""province"": ""OK"", ""name"": ""OK"", ""website"": ""NOT_FOUND""}",2026-10-07T04:03:56.313428,2026-10-07T04:05:36.872830,2026-10-07T04:05:36.875431,NO,YES,"{""band_label"": ""اعتبار بالا"", ""components"": {""source"": 70.0, ""corroboration"": 42.0, ""fields"": 88.0, ""phone"": 93.0}, ""penalties"": [], ""reasons"": [""بهترین منبع با اعتبار 0.70"", ""1 منبع مستقل تأییدکننده"", ""پیش‌شماره با شهر کسب‌وکار سازگار است"", ""شماره در بلوک مصنوعی تست قرار دارد""], ""independent_domains"": 1, ""observations"": 2}",بازرگاني فروشگاه لوازم آرايشي و بهداشتي زماني دسته: لوازم آرایشی و بهداشتی | نوع: فروشگاه تلفن: 001-70000327 همراه: 09120000327 آدرس: بندر گز، خیابان طالقانی، پلاک 125 مدیرعامل: زمانی حسن
168,شرکت پخش لوازم آرایشی و بهداشتی موسوی,موسوی رضا,NOT_FOUND,گلستان,بندرگز,بندرگز,بندر گز، بلوار معلم، پلاک 43 مدیرعامل: موسوی رضا,NOT_FOUND,NOT_FOUND,09120000321,,VALID,MOBILE,NOT_FOUND,,OK,DISTRIBUTOR,COSMETIC,COSMETIC,2,1,,,NOT_FOUND,75,71,HIGH,ACTIVE,"{""address"": ""OK"", ""owner_name"": ""OK"", ""city"": ""OK"", ""county"": ""OK"", ""province"": ""OK"", ""name"": ""OK"", ""website"": ""NOT_FOUND""}",2026-10-07T04:03:58.206505,2026-10-07T04:05:23.387798,2026-10-07T04:05:23.389714,NO,YES,"{""band_label"": ""اعتبار بالا"", ""components"": {""source"": 70.0, ""corroboration"": 42.0, ""fields"": 88.0, ""phone"": 93.0}, ""penalties"": [], ""reasons"": [""بهترین منبع با اعتبار 0.70"", ""1 منبع مستقل تأییدکننده"", ""پیش‌شماره با شهر کسب‌وکار سازگار است"", ""شماره در بلوک مصنوعی تست قرار دارد""], ""independent_domains"": 1, ""observations"": 2}",شرکت پخش لوازم آرایشی و بهداشتی موسوی دسته: لوازم آرایشی و بهداشتی | نوع: پخش تلفن: 001-70000321 همراه: 09120000321 آدرس: بندر گز، بلوار معلم، پلاک 43 مدیرعامل: موسوی رضا
174,شرکت پخش مواد شوینده حسینی,حسینی حسن,NOT_FOUND,سمنان,مهدی شهر,مهدی شهر,مهدی شهر، خیابان طالقانی، پلاک 181,NOT_FOUND,NOT_FOUND,09120000153,,VALID,MOBILE,NOT_FOUND,,OK,DISTRIBUTOR,DETERGENT,DETERGENT,1,1,,,NOT_FOUND,66,71,HIGH,ACTIVE,"{""address"": ""OK"", ""city"": ""OK"", ""county"": ""OK"", ""province"": ""OK"", ""name"": ""OK"", ""website"": ""NOT_FOUND"", ""owner_name"": ""OK""}",2026-10-07T04:04:35.575522,2026-10-07T04:05:42.304377,2026-10-07T04:05:42.306902,NO,YES,"{""band_label"": ""اعتبار بالا"", ""components"": {""source"": 70.0, ""corroboration"": 40.0, ""fields"": 88.0, ""phone"": 93.0}, ""penalties"": [], ""reasons"": [""بهترین منبع با اعتبار 0.70"", ""1 منبع مستقل تأییدکننده"", ""پیش‌شماره با شهر کسب‌وکار سازگار است"", ""شماره در بلوک مصنوعی تست قرار دارد""], ""independent_domains"": 1, ""observations"": 1}",شرکت پخش مواد شوینده حسینی . شرکت پخش مواد شوینده حسینی — پخش مواد شوینده، مهدی شهر، تلفن: 002-30000153 — همراه: 09120000153. آدرس: مهدی شهر، خیابان طالقانی، پلاک 181
176,بازرگاني فروشگاه مواد شوينده زماني,زمانی علی,NOT_FOUND,سمنان,مهدی شهر,مهدی شهر,مهدی شهر، بلوار شهید بهشتی، پلاک 151,NOT_FOUND,NOT_FOUND,09120000159,,VALID,MOBILE,NOT_FOUND,,OK,RETAILER,DETERGENT,DETERGENT,1,1,,,NOT_FOUND,66,71,HIGH,ACTIVE,"{""address"": ""OK"", ""city"": ""OK"", ""county"": ""OK"", ""province"": ""OK"", ""name"": ""OK"", ""website"": ""NOT_FOUND"", ""owner_name"": ""OK""}",2026-10-07T04:04:35.991504,2026-10-07T04:05:44.270785,2026-10-07T04:05:44.273208,NO,YES,"{""band_label"": ""اعتبار بالا"", ""components"": {""source"": 70.0, ""corroboration"": 40.0, ""fields"": 88.0, ""phone"": 93.0}, ""penalties"": [], ""reasons"": [""بهترین منبع با اعتبار 0.70"", ""1 منبع مستقل تأییدکننده"", ""پیش‌شماره با شهر کسب‌وکار سازگار است"", ""شماره در بلوک مصنوعی تست قرار دارد""], ""independent_domains"": 1, ""observations"": 1}",بازرگاني فروشگاه مواد شوينده زماني . بازرگاني فروشگاه مواد شوينده زماني — فروشگاه مواد شوینده، مهدی شهر، تلفن: 002-30000159 — همراه: 09120000159. آدرس: مهدی شهر، بلوار شهید بهشتی، پلاک 151
180,بازرگانی فروشگاه لوازم آرایشی و بهداشتی موسوی,موسوی رضا,NOT_FOUND,سمنان,مهدی شهر,مهدی شهر,مهدی شهر، بلوار شهید بهشتی، پلاک 133,NOT_FOUND,NOT_FOUND,09120000183,,VALID,MOBILE,NOT_FOUND,,OK,RETAILER,COSMETIC,COSMETIC,1,1,,,NOT_FOUND,75,71,HIGH,ACTIVE,"{""address"": ""OK"", ""city"": ""OK"", ""county"": ""OK"", ""province"": ""OK"", ""name"": ""OK"", ""website"": ""NOT_FOUND"", ""owner_name"": ""OK""}",2026-10-07T04:04:36.377226,2026-10-07T04:05:44.246547,2026-10-07T04:05:44.249620,NO,YES,"{""band_label"": ""اعتبار بالا"", ""components"": {""source"": 70.0, ""corroboration"": 40.0, ""fields"": 88.0, ""phone"": 93.0}, ""penalties"": [], ""reasons"": [""بهترین منبع با اعتبار 0.70"", ""1 منبع مستقل تأییدکننده"", ""پیش‌شماره با شهر کسب‌وکار سازگار است"", ""شماره در بلوک مصنوعی تست قرار دارد""], ""independent_domains"": 1, ""observations"": 1}",بازرگانی فروشگاه لوازم آرایشی و بهداشتی موسوی . بازرگانی فروشگاه لوازم آرایشی و بهداشتی موسوی — فروشگاه لوازم آرایشی و بهداشتی، مهدی شهر، تلفن: 002-30000183 — همراه: 09120000183. آدرس: مهدی شهر، بلوار شهید بهشتی، پلاک 133
181,شرکت پخش محصولات بهداشتی قاسمی,قاسمی علی,NOT_FOUND,سمنان,مهدی شهر,مهدی شهر,مهدی شهر، خیابان امام خمینی، پلاک 123,NOT_FOUND,NOT_FOUND,09120000168,,VALID,MOBILE,NOT_FOUND,,OK,DISTRIBUTOR,HYGIENE,HYGIENE,1,1,,,NOT_FOUND,63,71,HIGH,ACTIVE,"{""address"": ""OK"", ""city"": ""OK"", ""county"": ""OK"", ""province"": ""OK"", ""name"": ""OK"", ""website"": ""NOT_FOUND"", ""owner_name"": ""OK""}",2026-10-07T04:04:36.396055,2026-10-07T04:05:44.229616,2026-10-07T04:05:44.232128,NO,YES,"{""band_label"": ""اعتبار بالا"", ""components"": {""source"": 70.0, ""corroboration"": 40.0, ""fields"": 88.0, ""phone"": 93.0}, ""penalties"": [], ""reasons"": [""بهترین منبع با اعتبار 0.70"", ""1 منبع مستقل تأییدکننده"", ""پیش‌شماره با شهر کسب‌وکار سازگار است"", ""شماره در بلوک مصنوعی تست قرار دارد""], ""independent_domains"": 1, ""observations"": 1}",شرکت پخش محصولات بهداشتی قاسمی . شرکت پخش محصولات بهداشتی قاسمی — پخش محصولات بهداشتی، مهدی شهر، تلفن: 002-30000168 — همراه: 09120000168. آدرس: مهدی شهر، خیابان امام خمینی، پلاک 123
185,شرکت پخش مواد شوینده بهرامی,بهرامی حسن,NOT_FOUND,اصفهان,نطنز,نطنز,نطنز، کوی کارگران، پلاک 66,NOT_FOUND,NOT_FOUND,09120000201,,VALID,MOBILE,NOT_FOUND,,OK,DISTRIBUTOR,DETERGENT,DETERGENT,1,1,,,NOT_FOUND,66,71,HIGH,ACTIVE,"{""address"": ""OK"", ""city"": ""OK"", ""county"": ""OK"", ""province"": ""OK"", ""name"": ""OK"", ""website"": ""NOT_FOUND"", ""owner_name"": ""OK""}",2026-10-07T04:04:37.525268,2026-10-07T04:05:35.643964,2026-10-07T04:05:35.646469,NO,YES,"{""band_label"": ""اعتبار بالا"", ""components"": {""source"": 70.0, ""corroboration"": 40.0, ""fields"": 88.0, ""phone"": 93.0}, ""penalties"": [], ""reasons"": [""بهترین منبع با اعتبار 0.70"", ""1 منبع مستقل تأییدکننده"", ""پیش‌شماره با شهر کسب‌وکار سازگار است"", ""شماره در بلوک مصنوعی تست قرار دارد""], ""independent_domains"": 1, ""observations"": 1}",شرکت پخش مواد شوینده بهرامی . شرکت پخش مواد شوینده بهرامی — پخش مواد شوینده، نطنز، تلفن: 003-10000201 — همراه: 09120000201. آدرس: نطنز، کوی کارگران، پلاک 66
188,عمده فروشی لوازم آرایشی و بهداشتی کریمی,کریمی محمد,NOT_FOUND,یزد,بافق,بافق,بافق، کوی کارگران، پلاک 64 مدیرعامل: کریمی محمد,NOT_FOUND,NOT_FOUND,09120000126,,VALID,MOBILE,NOT_FOUND,,OK,WHOLESALER,COSMETIC,COSMETIC,1,1,,,NOT_FOUND,75,71,HIGH,ACTIVE,"{""address"": ""OK"", ""owner_name"": ""OK"", ""city"": ""OK"", ""county"": ""OK"", ""province"": ""OK"", ""name"": ""OK"", ""website"": ""NOT_FOUND""}",2026-10-07T04:04:38.554667,2026-10-07T04:05:43.073013,2026-10-07T04:05:43.076178,NO,YES,"{""band_label"": ""اعتبار بالا"", ""components"": {""source"": 70.0, ""corroboration"": 40.0, ""fields"": 88.0, ""phone"": 93.0}, ""penalties"": [], ""reasons"": [""بهترین منبع با اعتبار 0.70"", ""1 منبع مستقل تأییدکننده"", ""پیش‌شماره با شهر کسب‌وکار سازگار است"", ""شماره در بلوک مصنوعی تست قرار دارد""], ""independent_domains"": 1, ""observations"": 1}",عمده فروشی لوازم آرایشی و بهداشتی کریمی دسته: لوازم آرایشی و بهداشتی | نوع: عمده فروشی تلفن: 003-50000126 همراه: 09120000126 آدرس: بافق، کوی کارگران، پلاک 64 مدیرعامل: کریمی محمد
193,فروشگاه محصولات بهداشتی موسوی,موسوی حسن,NOT_FOUND,سیستان و بلوچستان,خاش,خاش,خاش، میدان مرکزی، پلاک 93 مدیرعامل: موسوی حسن,NOT_FOUND,NOT_FOUND,09120000363,,VALID,MOBILE,NOT_FOUND,,OK,RETAILER,HYGIENE,HYGIENE,1,1,,,NOT_FOUND,63,71,HIGH,ACTIVE,"{""address"": ""OK"", ""owner_name"": ""OK"", ""city"": ""OK"", ""county"": ""OK"", ""province"": ""OK"", ""name"": ""OK"", ""website"": ""NOT_FOUND""}",2026-10-07T04:04:41.973831,2026-10-07T04:05:29.476616,2026-10-07T04:05:29.478942,NO,YES,"{""band_label"": ""اعتبار بالا"", ""components"": {""source"": 70.0, ""corroboration"": 40.0, ""fields"": 88.0, ""phone"": 93.0}, ""penalties"": [], ""reasons"": [""بهترین منبع با اعتبار 0.70"", ""1 منبع مستقل تأییدکننده"", ""پیش‌شماره با شهر کسب‌وکار سازگار است"", ""شماره در بلوک مصنوعی تست قرار دارد""], ""independent_domains"": 1, ""observations"": 1}",فروشگاه محصولات بهداشتی موسوی دسته: محصولات بهداشتی | نوع: فروشگاه تلفن: 005-40000363 همراه: 09120000363 آدرس: خاش، میدان مرکزی، پلاک 93 مدیرعامل: موسوی حسن
203,شرکت فروشگاه محصولات بهداشتی اکبری,اکبری محمد,NOT_FOUND,لرستان,کوهدشت,کوهدشت,کوهدشت، میدان مرکزی، پلاک 162,NOT_FOUND,NOT_FOUND,09120000267,,VALID,MOBILE,NOT_FOUND,,OK,RETAILER,HYGIENE,HYGIENE,1,1,,,NOT_FOUND,63,71,HIGH,ACTIVE,"{""address"": ""OK"", ""city"": ""OK"", ""county"": ""OK"", ""province"": ""OK"", ""name"": ""OK"", ""website"": ""NOT_FOUND"", ""owner_name"": ""OK""}",2026-10-07T04:04:59.576245,2026-10-07T04:05:43.170252,2026-10-07T04:05:43.172154,NO,YES,"{""band_label"": ""اعتبار بالا"", ""components"": {""source"": 70.0, ""corroboration"": 40.0, ""fields"": 88.0, ""phone"": 93.0}, ""penalties"": [], ""reasons"": [""بهترین منبع با اعتبار 0.70"", ""1 منبع مستقل تأییدکننده"", ""پیش‌شماره با شهر کسب‌وکار سازگار است"", ""شماره در بلوک مصنوعی تست قرار دارد""], ""independent_domains"": 1, ""observations"": 1}",شرکت فروشگاه محصولات بهداشتی اکبری . شرکت فروشگاه محصولات بهداشتی اکبری — فروشگاه محصولات بهداشتی، کوهدشت، تلفن: 006-60000267 — همراه: 09120000267. آدرس: کوهدشت، میدان مرکزی، پلاک 162
205,شرکت پخش محصولات بهداشتی کریمی,کریمی حسن,NOT_FOUND,گلستان,بندرگز,بندرگز,بندر گز، کوی کارگران، پلاک 123 مدیرعامل: کریمی حسن,NOT_FOUND,NOT_FOUND,09120000312,,VALID,MOBILE,NOT_FOUND,,OK,DISTRIBUTOR,HYGIENE,HYGIENE,1,1,,,NOT_FOUND,63,71,HIGH,ACTIVE,"{""address"": ""OK"", ""owner_name"": ""OK"", ""city"": ""OK"", ""county"": ""OK"", ""province"": ""OK"", ""name"": ""OK"", ""website"": ""NOT_FOUND""}",2026-10-07T04:05:00.573961,2026-10-07T04:05:41.591552,2026-10-07T04:05:41.593852,NO,YES,"{""band_label"": ""اعتبار بالا"", ""components"": {""source"": 70.0, ""corroboration"": 40.0, ""fields"": 88.0, ""phone"": 93.0}, ""penalties"": [], ""reasons"": [""بهترین منبع با اعتبار 0.70"", ""1 منبع مستقل تأییدکننده"", ""پیش‌شماره با شهر کسب‌وکار سازگار است"", ""شماره در بلوک مصنوعی تست قرار دارد""], ""independent_domains"": 1, ""observations"": 1}",شرکت پخش محصولات بهداشتی کریمی دسته: محصولات بهداشتی | نوع: پخش تلفن: 001-70000312 همراه: 09120000312 آدرس: بندر گز، کوی کارگران، پلاک 123 مدیرعامل: کریمی حسن
206,بازرگانی عمده فروشی لوازم آرایشی و بهداشتی شریفی,شریفی رضا,NOT_FOUND,گلستان,بندرگز,بندرگز,بندر گز، خیابان طالقانی، پلاک 18 مدیرعامل: شریفی رضا,NOT_FOUND,NOT_FOUND,09120000318,,VALID,MOBILE,NOT_FOUND,,OK,WHOLESALER,COSMETIC,COSMETIC,1,1,,,NOT_FOUND,75,71,HIGH,ACTIVE,"{""address"": ""OK"", ""owner_name"": ""OK"", ""city"": ""OK"", ""county"": ""OK"", ""province"": ""OK"", ""name"": ""OK"", ""website"": ""NOT_FOUND""}",2026-10-07T04:05:10.951303,2026-10-07T04:05:32.928122,2026-10-07T04:05:32.930198,NO,YES,"{""band_label"": ""اعتبار بالا"", ""components"": {""source"": 70.0, ""corroboration"": 40.0, ""fields"": 88.0, ""phone"": 93.0}, ""penalties"": [], ""reasons"": [""بهترین منبع با اعتبار 0.70"", ""1 منبع مستقل تأییدکننده"", ""پیش‌شماره با شهر کسب‌وکار سازگار است"", ""شماره در بلوک مصنوعی تست قرار دارد""], ""independent_domains"": 1, ""observations"": 1}",بازرگانی عمده فروشی لوازم آرایشی و بهداشتی شریفی دسته: لوازم آرایشی و بهداشتی | نوع: عمده فروشی تلفن: 001-70000318 همراه: 09120000318 آدرس: بندر گز، خیابان طالقانی، پلاک 18 مدیرعامل: شریفی رضا
1,عمده فروشی محصولات بهداشتی قاسمی,NOT_FOUND,NOT_FOUND,سمنان,مهدی شهر,مهدی شهر,مهدی شهر، خیابان ۲۲ بهمن، پلاک 32,NOT_FOUND,NOT_FOUND,09120000161,,VALID,MOBILE,NOT_FOUND,,OK,WHOLESALER,HYGIENE,HYGIENE,1,1,,,NOT_FOUND,63,70,HIGH,ACTIVE,"{""address"": ""OK"", ""city"": ""OK"", ""county"": ""OK"", ""province"": ""OK"", ""name"": ""OK"", ""website"": ""NOT_FOUND"", ""owner_name"": ""NOT_FOUND""}",2026-10-07T04:03:21.495494,2026-10-07T04:05:43.921870,2026-10-07T04:05:43.923999,NO,YES,"{""band_label"": ""اعتبار بالا"", ""components"": {""source"": 70.0, ""corroboration"": 40.0, ""fields"": 82.0, ""phone"": 93.0}, ""penalties"": [], ""reasons"": [""بهترین منبع با اعتبار 0.70"", ""1 منبع مستقل تأییدکننده"", ""پیش‌شماره با شهر کسب‌وکار سازگار است"", ""شماره در بلوک مصنوعی تست قرار دارد""], ""independent_domains"": 1, ""observations"": 1}",عمده فروشی محصولات بهداشتی قاسمی . عمده فروشی محصولات بهداشتی قاسمی — عمده فروشی محصولات بهداشتی، مهدی شهر، تلفن: 002-30000161 — همراه: 09120000161. آدرس: مهدی شهر، خیابان ۲۲ بهمن، پلاک 32
3,عمده فروشی محصولات بهداشتی بهرامی,NOT_FOUND,NOT_FOUND,سمنان,مهدی شهر,مهدی شهر,مهدی شهر، خیابان بازار، پلاک 149,NOT_FOUND,NOT_FOUND,09120000163,,VALID,MOBILE,NOT_FOUND,,OK,WHOLESALER,HYGIENE,HYGIENE,1,1,,,NOT_FOUND,63,70,HIGH,ACTIVE,"{""address"": ""OK"", ""city"": ""OK"", ""county"": ""OK"", ""province"": ""OK"", ""name"": ""OK"", ""website"": ""NOT_FOUND"", ""owner_name"": ""NOT_FOUND""}",2026-10-07T04:03:22.012303,2026-10-07T04:05:43.930538,2026-10-07T04:05:43.933645,NO,YES,"{""band_label"": ""اعتبار بالا"", ""components"": {""source"": 70.0, ""corroboration"": 40.0, ""fields"": 82.0, ""phone"": 93.0}, ""penalties"": [], ""reasons"": [""بهترین منبع با اعتبار 0.70"", ""1 منبع مستقل تأییدکننده"", ""پیش‌شماره با شهر کسب‌وکار سازگار است"", ""شماره در بلوک مصنوعی تست قرار دارد""], ""independent_domains"": 1, ""observations"": 1}",عمده فروشی محصولات بهداشتی بهرامی . عمده فروشی محصولات بهداشتی بهرامی — عمده فروشی محصولات بهداشتی، مهدی شهر، تلفن: 002-30000163 — همراه: 09120000163. آدرس: مهدی شهر، خیابان بازار، پلاک 149
4,عمده فروشی محصولات بهداشتی موسوی,NOT_FOUND,NOT_FOUND,سمنان,مهدی شهر,مهدی شهر,مهدی شهر، خیابان طالقانی، پلاک 55,NOT_FOUND,NOT_FOUND,09120000164,,VALID,MOBILE,NOT_FOUND,,OK,WHOLESALER,HYGIENE,HYGIENE,1,1,,,NOT_FOUND,63,70,HIGH,ACTIVE,"{""address"": ""OK"", ""city"": ""OK"", ""county"": ""OK"", ""province"": ""OK"", ""name"": ""OK"", ""website"": ""NOT_FOUND"", ""owner_name"": ""NOT_FOUND""}",2026-10-07T04:03:22.018890,2026-10-07T04:05:43.935672,2026-10-07T04:05:43.939104,NO,YES,"{""band_label"": ""اعتبار بالا"", ""components"": {""source"": 70.0, ""corroboration"": 40.0, ""fields"": 82.0, ""phone"": 93.0}, ""penalties"": [], ""reasons"": [""بهترین منبع با اعتبار 0.70"", ""1 منبع مستقل تأییدکننده"", ""پیش‌شماره با شهر کسب‌وکار سازگار است"", ""شماره در بلوک مصنوعی تست قرار دارد""], ""independent_domains"": 1, ""observations"": 1}",عمده فروشی محصولات بهداشتی موسوی . عمده فروشی محصولات بهداشتی موسوی — عمده فروشی محصولات بهداشتی، مهدی شهر، تلفن: 002-30000164 — همراه: 09120000164. آدرس: مهدی شهر، خیابان طالقانی، پلاک 55
5,عمده فروشی لوازم آرایشی و بهداشتی مرادی,NOT_FOUND,NOT_FOUND,سمنان,مهدی شهر,مهدی شهر,مهدی شهر، خیابان امام خمینی، پلاک 6,NOT_FOUND,NOT_FOUND,09120000173,,VALID,MOBILE,NOT_FOUND,,OK,WHOLESALER,COSMETIC,COSMETIC,2,1,,,NOT_FOUND,75,70,HIGH,ACTIVE,"{""address"": ""OK"", ""city"": ""OK"", ""county"": ""OK"", ""province"": ""OK"", ""name"": ""OK"", ""website"": ""NOT_FOUND"", ""owner_name"": ""NOT_FOUND""}",2026-10-07T04:03:22.024259,2026-10-07T04:05:43.959970,2026-10-07T04:05:43.962592,NO,YES,"{""band_label"": ""اعتبار بالا"", ""components"": {""source"": 70.0, ""corroboration"": 42.0, ""fields"": 82.0, ""phone"": 93.0}, ""penalties"": [], ""reasons"": [""بهترین منبع با اعتبار 0.70"", ""1 منبع مستقل تأییدکننده"", ""پیش‌شماره با شهر کسب‌وکار سازگار است"", ""شماره در بلوک مصنوعی تست قرار دارد""], ""independent_domains"": 1, ""observations"": 2}",عمده فروشی لوازم آرایشی و بهداشتی مرادی . عمده فروشی لوازم آرایشی و بهداشتی مرادی — عمده فروشی لوازم آرایشی و بهداشتی، مهدی شهر، تلفن: 002-30000173 — همراه: 09120000173. آدرس: مهدی شهر، خیابان امام خمینی، پلاک 6
8,شرکت عمده فروشی لوازم آرایشی و بهداشتی زمانی,NOT_FOUND,NOT_FOUND,سمنان,مهدی شهر,مهدی شهر,مهدی شهر، خیابان ۲۲ بهمن، پلاک 47,NOT_FOUND,NOT_FOUND,09120000176,,VALID,MOBILE,NOT_FOUND,,OK,WHOLESALER,COSMETIC,COSMETIC,1,1,,,NOT_FOUND,75,70,HIGH,ACTIVE,"{""address"": ""OK"", ""city"": ""OK"", ""county"": ""OK"", ""province"": ""OK"", ""name"": ""OK"", ""website"": ""NOT_FOUND"", ""owner_name"": ""NOT_FOUND""}",2026-10-07T04:03:22.039887,2026-10-07T04:05:43.980065,2026-10-07T04:05:43.984558,NO,YES,"{""band_label"": ""اعتبار بالا"", ""components"": {""source"": 70.0, ""corroboration"": 40.0, ""fields"": 82.0, ""phone"": 93.0}, ""penalties"": [], ""reasons"": [""بهترین منبع با اعتبار 0.70"", ""1 منبع مستقل تأییدکننده"", ""پیش‌شماره با شهر کسب‌وکار سازگار است"", ""شماره در بلوک مصنوعی تست قرار دارد""], ""independent_domains"": 1, ""observations"": 1}",شرکت عمده فروشی لوازم آرایشی و بهداشتی زمانی . شرکت عمده فروشی لوازم آرایشی و بهداشتی زمانی — عمده فروشی لوازم آرایشی و بهداشتی، مهدی شهر، تلفن: 002-30000176 — همراه: 09120000176. آدرس: مهدی شهر، خیابان ۲۲ بهمن، پلاک 47
9,بازرگانی فروشگاه محصولات بهداشتی کاظمی,NOT_FOUND,NOT_FOUND,سمنان,مهدی شهر,مهدی شهر,مهدی شهر، خیابان طالقانی، پلاک 42,NOT_FOUND,NOT_FOUND,09120000169,,VALID,MOBILE,NOT_FOUND,,OK,RETAILER,HYGIENE,HYGIENE,2,1,,,NOT_FOUND,63,70,HIGH,ACTIVE,"{""address"": ""OK"", ""city"": ""OK"", ""county"": ""OK"", ""province"": ""OK"", ""name"": ""OK"", ""website"": ""NOT_FOUND"", ""owner_name"": ""NOT_FOUND""}",2026-10-07T04:03:22.044952,2026-10-07T04:05:44.198824,2026-10-07T04:05:44.201950,NO,YES,"{""band_label"": ""اعتبار بالا"", ""components"": {""source"": 70.0, ""corroboration"": 42.0, ""fields"": 82.0, ""phone"": 93.0}, ""penalties"": [], ""reasons"": [""بهترین منبع با اعتبار 0.70"", ""1 منبع مستقل تأییدکننده"", ""پیش‌شماره با شهر کسب‌وکار سازگار است"", ""شماره در بلوک مصنوعی تست قرار دارد""], ""independent_domains"": 1, ""observations"": 2}",بازرگانی فروشگاه محصولات بهداشتی کاظمی . بازرگانی فروشگاه محصولات بهداشتی کاظمی — فروشگاه محصولات بهداشتی، مهدی شهر، تلفن: 002-30000169 — همراه: 09120000169. آدرس: مهدی شهر، خیابان طالقانی، پلاک 42
12,بازرگانی فروشگاه لوازم آرایشی و بهداشتی کاظمی,NOT_FOUND,NOT_FOUND,سمنان,مهدی شهر,مهدی شهر,مهدی شهر، خیابان امام خمینی، پلاک 62,NOT_FOUND,NOT_FOUND,"09120000181, 09120000182",,VALID,MOBILE,NOT_FOUND,,OK,RETAILER,COSMETIC,COSMETIC,2,1,,,NOT_FOUND,75,70,HIGH,ACTIVE,"{""address"": ""OK"", ""city"": ""OK"", ""county"": ""OK"", ""province"": ""OK"", ""name"": ""OK"", ""website"": ""NOT_FOUND"", ""owner_name"": ""NOT_FOUND""}",2026-10-07T04:03:22.060198,2026-10-07T04:05:44.234840,2026-10-07T04:05:44.238863,NO,YES,"{""band_label"": ""اعتبار بالا"", ""components"": {""source"": 70.0, ""corroboration"": 42.0, ""fields"": 82.0, ""phone"": 93.0}, ""penalties"": [], ""reasons"": [""بهترین منبع با اعتبار 0.70"", ""1 منبع مستقل تأییدکننده"", ""پیش‌شماره با شهر کسب‌وکار سازگار است"", ""شماره در بلوک مصنوعی تست قرار دارد""], ""independent_domains"": 1, ""observations"": 3}",بازرگانی فروشگاه لوازم آرایشی و بهداشتی کاظمی . بازرگانی فروشگاه لوازم آرایشی و بهداشتی کاظمی — فروشگاه لوازم آرایشی و بهداشتی، مهدی شهر، تلفن: 002-30000181 — همراه: 09120000181. آدرس: مهدی شهر، خیابان امام خمینی، پلاک 62
16,عمده فروشی لوازم آرایشی و بهداشتی احمدی,NOT_FOUND,NOT_FOUND,سیستان و بلوچستان,خاش,خاش,خاش، خیابان بازار، پلاک 111,NOT_FOUND,NOT_FOUND,09120000368,,VALID,MOBILE,NOT_FOUND,,OK,WHOLESALER,COSMETIC,COSMETIC,2,1,,,NOT_FOUND,75,70,HIGH,ACTIVE,"{""address"": ""OK"", ""city"": ""OK"", ""county"": ""OK"", ""province"": ""OK"", ""name"": ""OK"", ""website"": ""NOT_FOUND"", ""owner_name"": ""NOT_FOUND""}",2026-10-07T04:03:22.259145,2026-10-07T04:05:43.481564,2026-10-07T04:05:43.484228,NO,YES,"{""band_label"": ""اعتبار بالا"", ""components"": {""source"": 70.0, ""corroboration"": 42.0, ""fields"": 82.0, ""phone"": 93.0}, ""penalties"": [], ""reasons"": [""بهترین منبع با اعتبار 0.70"", ""1 منبع مستقل تأییدکننده"", ""پیش‌شماره با شهر کسب‌وکار سازگار است"", ""شماره در بلوک مصنوعی تست قرار دارد""], ""independent_domains"": 1, ""observations"": 2}",عمده فروشی لوازم آرایشی و بهداشتی احمدی . عمده فروشی لوازم آرایشی و بهداشتی احمدی — عمده فروشی لوازم آرایشی و بهداشتی، خاش، تلفن: 005-40000368 — همراه: 09120000368. آدرس: خاش، خیابان بازار، پلاک 111
17,بازرگانی عمده فروشی محصولات بهداشتی رضایی,NOT_FOUND,NOT_FOUND,سیستان و بلوچستان,خاش,خاش,خاش، بلوار شهید بهشتی، پلاک 134,NOT_FOUND,NOT_FOUND,09120000353,,VALID,MOBILE,NOT_FOUND,,OK,WHOLESALER,HYGIENE,HYGIENE,2,1,,,NOT_FOUND,63,70,HIGH,ACTIVE,"{""address"": ""OK"", ""city"": ""OK"", ""county"": ""OK"", ""province"": ""OK"", ""name"": ""OK"", ""website"": ""NOT_FOUND"", ""owner_name"": ""NOT_FOUND""}",2026-10-07T04:03:22.264617,2026-10-07T04:05:43.318036,2026-10-07T04:05:43.334085,NO,YES,"{""band_label"": ""اعتبار بالا"", ""components"": {""source"": 70.0, ""corroboration"": 42.0, ""fields"": 82.0, ""phone"": 93.0}, ""penalties"": [], ""reasons"": [""بهترین منبع با اعتبار 0.70"", ""1 منبع مستقل تأییدکننده"", ""پیش‌شماره با شهر کسب‌وکار سازگار است"", ""شماره در بلوک مصنوعی تست قرار دارد""], ""independent_domains"": 1, ""observations"": 2}",بازرگانی عمده فروشی محصولات بهداشتی رضایی . بازرگانی عمده فروشی محصولات بهداشتی رضایی — عمده فروشی محصولات بهداشتی، خاش، تلفن: 005-40000353 — همراه: 09120000353. آدرس: خاش، بلوار شهید بهشتی، پلاک 134
20,عمده فروشی محصولات بهداشتی موسوی,NOT_FOUND,NOT_FOUND,سیستان و بلوچستان,خاش,خاش,خاش، بلوار شهید بهشتی، پلاک 113,NOT_FOUND,NOT_FOUND,09120000356,,VALID,MOBILE,NOT_FOUND,,OK,WHOLESALER,HYGIENE,HYGIENE,1,1,,,NOT_FOUND,63,70,HIGH,ACTIVE,"{""address"": ""OK"", ""city"": ""OK"", ""county"": ""OK"", ""province"": ""OK"", ""name"": ""OK"", ""website"": ""NOT_FOUND"", ""owner_name"": ""NOT_FOUND""}",2026-10-07T04:03:22.280142,2026-10-07T04:05:43.457410,2026-10-07T04:05:43.461803,NO,YES,"{""band_label"": ""اعتبار بالا"", ""components"": {""source"": 70.0, ""corroboration"": 40.0, ""fields"": 82.0, ""phone"": 93.0}, ""penalties"": [], ""reasons"": [""بهترین منبع با اعتبار 0.70"", ""1 منبع مستقل تأییدکننده"", ""پیش‌شماره با شهر کسب‌وکار سازگار است"", ""شماره در بلوک مصنوعی تست قرار دارد""], ""independent_domains"": 1, ""observations"": 1}",عمده فروشی محصولات بهداشتی موسوی . عمده فروشی محصولات بهداشتی موسوی — عمده فروشی محصولات بهداشتی، خاش، تلفن: 005-40000356 — همراه: 09120000356. آدرس: خاش، بلوار شهید بهشتی، پلاک 113
21,شرکت فروشگاه لوازم آرایشی و بهداشتی رحیمی,NOT_FOUND,NOT_FOUND,سیستان و بلوچستان,خاش,خاش,خاش، بلوار شهید بهشتی، پلاک 76,NOT_FOUND,NOT_FOUND,09120000373,,VALID,MOBILE,NOT_FOUND,,OK,RETAILER,COSMETIC,COSMETIC,2,1,,,NOT_FOUND,75,70,HIGH,ACTIVE,"{""address"": ""OK"", ""city"": ""OK"", ""county"": ""OK"", ""province"": ""OK"", ""name"": ""OK"", ""website"": ""NOT_FOUND"", ""owner_name"": ""NOT_FOUND""}",2026-10-07T04:03:22.285330,2026-10-07T04:05:37.525729,2026-10-07T04:05:37.528127,NO,YES,"{""band_label"": ""اعتبار بالا"", ""components"": {""source"": 70.0, ""corroboration"": 42.0, ""fields"": 82.0, ""phone"": 93.0}, ""penalties"": [], ""reasons"": [""بهترین منبع با اعتبار 0.70"", ""1 منبع مستقل تأییدکننده"", ""پیش‌شماره با شهر کسب‌وکار سازگار است"", ""شماره در بلوک مصنوعی تست قرار دارد""], ""independent_domains"": 1, ""observations"": 2}",شرکت فروشگاه لوازم آرایشی و بهداشتی رحیمی . شرکت فروشگاه لوازم آرایشی و بهداشتی رحیمی — فروشگاه لوازم آرایشی و بهداشتی، خاش، تلفن: 005-40000373 — همراه: 09120000373. آدرس: خاش، بلوار شهید بهشتی، پلاک 76
23,شرکت فروشگاه محصولات بهداشتی مرادی,NOT_FOUND,NOT_FOUND,سیستان و بلوچستان,خاش,خاش,خاش، میدان مرکزی، پلاک 112,NOT_FOUND,NOT_FOUND,09120000361,,VALID,MOBILE,NOT_FOUND,,OK,RETAILER,HYGIENE,HYGIENE,2,1,,,NOT_FOUND,63,70,HIGH,ACTIVE,"{""address"": ""OK"", ""city"": ""OK"", ""county"": ""OK"", ""province"": ""OK"", ""name"": ""OK"", ""website"": ""NOT_FOUND"", ""owner_name"": ""NOT_FOUND""}",2026-10-07T04:03:22.295795,2026-10-07T04:05:42.571190,2026-10-07T04:05:42.572988,NO,YES,"{""band_label"": ""اعتبار بالا"", ""components"": {""source"": 70.0, ""corroboration"": 42.0, ""fields"": 82.0, ""phone"": 93.0}, ""penalties"": [], ""reasons"": [""بهترین منبع با اعتبار 0.70"", ""1 منبع مستقل تأییدکننده"", ""پیش‌شماره با شهر کسب‌وکار سازگار است"", ""شماره در بلوک مصنوعی تست قرار دارد""], ""independent_domains"": 1, ""observations"": 2}",شرکت فروشگاه محصولات بهداشتی مرادی . شرکت فروشگاه محصولات بهداشتی مرادی — فروشگاه محصولات بهداشتی، خاش، تلفن: 005-40000361 — همراه: 09120000361. آدرس: خاش، میدان مرکزی، پلاک 112
24,بازرگانی فروشگاه محصولات بهداشتی بهرامی,NOT_FOUND,NOT_FOUND,سیستان و بلوچستان,خاش,خاش,خاش، میدان مرکزی، پلاک 85,NOT_FOUND,NOT_FOUND,09120000362,,VALID,MOBILE,NOT_FOUND,,OK,RETAILER,HYGIENE,HYGIENE,2,1,,,NOT_FOUND,63,70,HIGH,ACTIVE,"{""address"": ""OK"", ""city"": ""OK"", ""county"": ""OK"", ""province"": ""OK"", ""name"": ""OK"", ""website"": ""NOT_FOUND"", ""owner_name"": ""NOT_FOUND""}",2026-10-07T04:03:22.300795,2026-10-07T04:05:42.574507,2026-10-07T04:05:42.576514,NO,YES,"{""band_label"": ""اعتبار بالا"", ""components"": {""source"": 70.0, ""corroboration"": 42.0, ""fields"": 82.0, ""phone"": 93.0}, ""penalties"": [], ""reasons"": [""بهترین منبع با اعتبار 0.70"", ""1 منبع مستقل تأییدکننده"", ""پیش‌شماره با شهر کسب‌وکار سازگار است"", ""شماره در بلوک مصنوعی تست قرار دارد""], ""independent_domains"": 1, ""observations"": 2}",بازرگانی فروشگاه محصولات بهداشتی بهرامی . بازرگانی فروشگاه محصولات بهداشتی بهرامی — فروشگاه محصولات بهداشتی، خاش، تلفن: 005-40000362 — همراه: 09120000362. آدرس: خاش، میدان مرکزی، پلاک 85
25,بازرگاني فروشگاه محصولات بهداشتي اکبري,NOT_FOUND,NOT_FOUND,سیستان و بلوچستان,خاش,خاش,خاش، خیابان ۲۲ بهمن، پلاک 93,NOT_FOUND,NOT_FOUND,09120000364,,VALID,MOBILE,NOT_FOUND,,OK,RETAILER,HYGIENE,HYGIENE,2,1,,,NOT_FOUND,63,70,HIGH,ACTIVE,"{""address"": ""OK"", ""city"": ""OK"", ""county"": ""OK"", ""province"": ""OK"", ""name"": ""OK"", ""website"": ""NOT_FOUND"", ""owner_name"": ""NOT_FOUND""}",2026-10-07T04:03:22.306100,2026-10-07T04:05:37.498952,2026-10-07T04:05:37.523702,NO,YES,"{""band_label"": ""اعتبار بالا"", ""components"": {""source"": 70.0, ""corroboration"": 42.0, ""fields"": 82.0, ""phone"": 93.0}, ""penalties"": [], ""reasons"": [""بهترین منبع با اعتبار 0.70"", ""1 منبع مستقل تأییدکننده"", ""پیش‌شماره با شهر کسب‌وکار سازگار است"", ""شماره در بلوک مصنوعی تست قرار دارد""], ""independent_domains"": 1, ""observations"": 2}",بازرگاني فروشگاه محصولات بهداشتي اکبري . بازرگاني فروشگاه محصولات بهداشتي اکبري — فروشگاه محصولات بهداشتی، خاش، تلفن: 005-40000364 — همراه: 09120000364. آدرس: خاش، خیابان ۲۲ بهمن، پلاک 93
28,بازرگانی پخش لوازم آرایشی و بهداشتی احمدی,NOT_FOUND,NOT_FOUND,سیستان و بلوچستان,خاش,خاش,خاش، خیابان طالقانی، پلاک 90,NOT_FOUND,NOT_FOUND,09120000371,,VALID,MOBILE,NOT_FOUND,,OK,DISTRIBUTOR,COSMETIC,COSMETIC,2,1,,,NOT_FOUND,75,70,HIGH,ACTIVE,"{""address"": ""OK"", ""city"": ""OK"", ""county"": ""OK"", ""province"": ""OK"", ""name"": ""OK"", ""website"": ""NOT_FOUND"", ""owner_name"": ""NOT_FOUND""}",2026-10-07T04:03:22.321180,2026-10-07T04:05:37.690145,2026-10-07T04:05:37.692402,NO,YES,"{""band_label"": ""اعتبار بالا"", ""components"": {""source"": 70.0, ""corroboration"": 42.0, ""fields"": 82.0, ""phone"": 93.0}, ""penalties"": [], ""reasons"": [""بهترین منبع با اعتبار 0.70"", ""1 منبع مستقل تأییدکننده"", ""پیش‌شماره با شهر کسب‌وکار سازگار است"", ""شماره در بلوک مصنوعی تست قرار دارد""], ""independent_domains"": 1, ""observations"": 2}",بازرگانی پخش لوازم آرایشی و بهداشتی احمدی . بازرگانی پخش لوازم آرایشی و بهداشتی احمدی — پخش لوازم آرایشی و بهداشتی، خاش، تلفن: 005-40000371 — همراه: 09120000371. آدرس: خاش، خیابان طالقانی، پلاک 90
30,بازرگانی عمده فروشی محصولات بهداشتی کاظمی,NOT_FOUND,NOT_FOUND,یزد,بافق,بافق,بافق، خیابان امام خمینی، پلاک 198,NOT_FOUND,NOT_FOUND,09120000113,,VALID,MOBILE,NOT_FOUND,,OK,WHOLESALER,HYGIENE,HYGIENE,2,1,,,NOT_FOUND,63,70,HIGH,ACTIVE,"{""address"": ""OK"", ""city"": ""OK"", ""county"": ""OK"", ""province"": ""OK"", ""name"": ""OK"", ""website"": ""NOT_FOUND"", ""owner_name"": ""NOT_FOUND""}",2026-10-07T04:03:22.350268,2026-10-07T04:05:43.840207,2026-10-07T04:05:43.842648,NO,YES,"{""band_label"": ""اعتبار بالا"", ""components"": {""source"": 70.0, ""corroboration"": 42.0, ""fields"": 82.0, ""phone"": 93.0}, ""penalties"": [], ""reasons"": [""بهترین منبع با اعتبار 0.70"", ""1 منبع مستقل تأییدکننده"", ""پیش‌شماره با شهر کسب‌وکار سازگار است"", ""شماره در بلوک مصنوعی تست قرار دارد""], ""independent_domains"": 1, ""observations"": 2}",بازرگانی عمده فروشی محصولات بهداشتی کاظمی . بازرگانی عمده فروشی محصولات بهداشتی کاظمی — عمده فروشی محصولات بهداشتی، بافق، تلفن: 003-50000113 — همراه: 09120000113. آدرس: بافق، خیابان امام خمینی، پلاک 198
33,بازرگانی عمده فروشی محصولات بهداشتی موسوی,NOT_FOUND,NOT_FOUND,یزد,بافق,بافق,بافق، بلوار معلم، پلاک 4,NOT_FOUND,NOT_FOUND,09120000116,,VALID,MOBILE,NOT_FOUND,,OK,WHOLESALER,HYGIENE,HYGIENE,2,1,,,NOT_FOUND,63,70,HIGH,ACTIVE,"{""address"": ""OK"", ""city"": ""OK"", ""county"": ""OK"", ""province"": ""OK"", ""name"": ""OK"", ""website"": ""NOT_FOUND"", ""owner_name"": ""NOT_FOUND""}",2026-10-07T04:03:22.522711,2026-10-07T04:05:43.852456,2026-10-07T04:05:43.854979,NO,YES,"{""band_label"": ""اعتبار بالا"", ""components"": {""source"": 70.0, ""corroboration"": 42.0, ""fields"": 82.0, ""phone"": 93.0}, ""penalties"": [], ""reasons"": [""بهترین منبع با اعتبار 0.70"", ""1 منبع مستقل تأییدکننده"", ""پیش‌شماره با شهر کسب‌وکار سازگار است"", ""شماره در بلوک مصنوعی تست قرار دارد""], ""independent_domains"": 1, ""observations"": 2}",بازرگانی عمده فروشی محصولات بهداشتی موسوی . بازرگانی عمده فروشی محصولات بهداشتی موسوی — عمده فروشی محصولات بهداشتی، بافق، تلفن: 003-50000116 — همراه: 09120000116. آدرس: بافق، بلوار معلم، پلاک 4
35,شرکت عمده فروشی لوازم آرایشی و بهداشتی رحیمی,NOT_FOUND,NOT_FOUND,یزد,بافق,بافق,بافق، خیابان ۲۲ بهمن، پلاک 50,NOT_FOUND,NOT_FOUND,09120000127,,VALID,MOBILE,NOT_FOUND,,OK,WHOLESALER,COSMETIC,COSMETIC,1,1,,,NOT_FOUND,75,70,HIGH,ACTIVE,"{""address"": ""OK"", ""city"": ""OK"", ""county"": ""OK"", ""province"": ""OK"", ""name"": ""OK"", ""website"": ""NOT_FOUND"", ""owner_name"": ""NOT_FOUND""}",2026-10-07T04:03:22.532419,2026-10-07T04:05:43.796887,2026-10-07T04:05:43.799973,NO,YES,"{""band_label"": ""اعتبار بالا"", ""components"": {""source"": 70.0, ""corroboration"": 40.0, ""fields"": 82.0, ""phone"": 93.0}, ""penalties"": [], ""reasons"": [""بهترین منبع با اعتبار 0.70"", ""1 منبع مستقل تأییدکننده"", ""پیش‌شماره با شهر کسب‌وکار سازگار است"", ""شماره در بلوک مصنوعی تست قرار دارد""], ""independent_domains"": 1, ""observations"": 1}",شرکت عمده فروشی لوازم آرایشی و بهداشتی رحیمی . شرکت عمده فروشی لوازم آرایشی و بهداشتی رحیمی — عمده فروشی لوازم آرایشی و بهداشتی، بافق، تلفن: 003-50000127 — همراه: 09120000127. آدرس: بافق، خیابان ۲۲ بهمن، پلاک 50
36,شرکت عمده فروشی لوازم آرایشی و بهداشتی جعفری,NOT_FOUND,NOT_FOUND,یزد,بافق,بافق,بافق، میدان مرکزی، پلاک 8,NOT_FOUND,NOT_FOUND,09120000128,,VALID,MOBILE,NOT_FOUND,,OK,WHOLESALER,COSMETIC,COSMETIC,1,1,,,NOT_FOUND,75,70,HIGH,ACTIVE,"{""address"": ""OK"", ""city"": ""OK"", ""county"": ""OK"", ""province"": ""OK"", ""name"": ""OK"", ""website"": ""NOT_FOUND"", ""owner_name"": ""NOT_FOUND""}",2026-10-07T04:03:22.537418,2026-10-07T04:05:43.802638,2026-10-07T04:05:43.805415,NO,YES,"{""band_label"": ""اعتبار بالا"", ""components"": {""source"": 70.0, ""corroboration"": 40.0, ""fields"": 82.0, ""phone"": 93.0}, ""penalties"": [], ""reasons"": [""بهترین منبع با اعتبار 0.70"", ""1 منبع مستقل تأییدکننده"", ""پیش‌شماره با شهر کسب‌وکار سازگار است"", ""شماره در بلوک مصنوعی تست قرار دارد""], ""independent_domains"": 1, ""observations"": 1}",شرکت عمده فروشی لوازم آرایشی و بهداشتی جعفری . شرکت عمده فروشی لوازم آرایشی و بهداشتی جعفری — عمده فروشی لوازم آرایشی و بهداشتی، بافق، تلفن: 003-50000128 — همراه: 09120000128. آدرس: بافق، میدان مرکزی، پلاک 8
37,شرکت عمده فروشی محصولات بهداشتی حسینی,NOT_FOUND,NOT_FOUND,اصفهان,نطنز,نطنز,نطنز، بلوار شهید بهشتی، پلاک 49,NOT_FOUND,NOT_FOUND,09120000209,,VALID,MOBILE,NOT_FOUND,,OK,WHOLESALER,HYGIENE,HYGIENE,2,1,,,NOT_FOUND,63,70,HIGH,ACTIVE,"{""address"": ""OK"", ""city"": ""OK"", ""county"": ""OK"", ""province"": ""OK"", ""name"": ""OK"", ""website"": ""NOT_FOUND"", ""owner_name"": ""NOT_FOUND""}",2026-10-07T04:03:22.559078,2026-10-07T04:05:42.627319,2026-10-07T04:05:42.629089,NO,YES,"{""band_label"": ""اعتبار بالا"", ""components"": {""source"": 70.0, ""corroboration"": 42.0, ""fields"": 82.0, ""phone"": 93.0}, ""penalties"": [], ""reasons"": [""بهترین منبع با اعتبار 0.70"", ""1 منبع مستقل تأییدکننده"", ""پیش‌شماره با شهر کسب‌وکار سازگار است"", ""شماره در بلوک مصنوعی تست قرار دارد""], ""independent_domains"": 1, ""observations"": 2}",شرکت عمده فروشی محصولات بهداشتی حسینی . شرکت عمده فروشی محصولات بهداشتی حسینی — عمده فروشی محصولات بهداشتی، نطنز، تلفن: 003-10000209 — همراه: 09120000209. آدرس: نطنز، بلوار شهید بهشتی، پلاک 49
39,بازرگانی عمده فروشی محصولات بهداشتی شریفی,NOT_FOUND,NOT_FOUND,اصفهان,نطنز,نطنز,نطنز، خیابان طالقانی، پلاک 91,NOT_FOUND,NOT_FOUND,09120000211,,VALID,MOBILE,NOT_FOUND,,OK,WHOLESALER,HYGIENE,HYGIENE,2,1,,,NOT_FOUND,63,70,HIGH,ACTIVE,"{""address"": ""OK"", ""city"": ""OK"", ""county"": ""OK"", ""province"": ""OK"", ""name"": ""OK"", ""website"": ""NOT_FOUND"", ""owner_name"": ""NOT_FOUND""}",2026-10-07T04:03:22.568859,2026-10-07T04:05:42.634025,2026-10-07T04:05:42.636015,NO,YES,"{""band_label"": ""اعتبار بالا"", ""components"": {""source"": 70.0, ""corroboration"": 42.0, ""fields"": 82.0, ""phone"": 93.0}, ""penalties"": [], ""reasons"": [""بهترین منبع با اعتبار 0.70"", ""1 منبع مستقل تأییدکننده"", ""پیش‌شماره با شهر کسب‌وکار سازگار است"", ""شماره در بلوک مصنوعی تست قرار دارد""], ""independent_domains"": 1, ""observations"": 2}",بازرگانی عمده فروشی محصولات بهداشتی شریفی . بازرگانی عمده فروشی محصولات بهداشتی شریفی — عمده فروشی محصولات بهداشتی، نطنز، تلفن: 003-10000211 — همراه: 09120000211. آدرس: نطنز، خیابان طالقانی، پلاک 91
40,بازرگانی عمده فروشی محصولات بهداشتی مرادی,NOT_FOUND,NOT_FOUND,لرستان,کوهدشت,کوهدشت,کوهدشت، بلوار معلم، پلاک 153,NOT_FOUND,NOT_FOUND,09120000257,,VALID,MOBILE,NOT_FOUND,,OK,WHOLESALER,HYGIENE,HYGIENE,1,1,,,NOT_FOUND,63,70,HIGH,ACTIVE,"{""address"": ""OK"", ""city"": ""OK"", ""county"": ""OK"", ""province"": ""OK"", ""name"": ""OK"", ""website"": ""NOT_FOUND"", ""owner_name"": ""NOT_FOUND""}",2026-10-07T04:03:22.573740,2026-10-07T04:05:40.210443,2026-10-07T04:05:40.213570,NO,YES,"{""band_label"": ""اعتبار بالا"", ""components"": {""source"": 70.0, ""corroboration"": 40.0, ""fields"": 82.0, ""phone"": 93.0}, ""penalties"": [], ""reasons"": [""بهترین منبع با اعتبار 0.70"", ""1 منبع مستقل تأییدکننده"", ""پیش‌شماره با شهر کسب‌وکار سازگار است"", ""شماره در بلوک مصنوعی تست قرار دارد""], ""independent_domains"": 1, ""observations"": 1}",بازرگانی عمده فروشی محصولات بهداشتی مرادی . بازرگانی عمده فروشی محصولات بهداشتی مرادی — عمده فروشی محصولات بهداشتی، کوهدشت، تلفن: 006-60000257 — همراه: 09120000257. آدرس: کوهدشت، بلوار معلم، پلاک 153
41,عمده فروشی مواد شوینده رحیمی,NOT_FOUND,NOT_FOUND,اصفهان,نطنز,نطنز,نطنز، خیابان طالقانی، پلاک 73,NOT_FOUND,NOT_FOUND,09120000197,,VALID,MOBILE,NOT_FOUND,,OK,WHOLESALER,DETERGENT,DETERGENT,2,1,,,NOT_FOUND,66,70,HIGH,ACTIVE,"{""address"": ""OK"", ""city"": ""OK"", ""county"": ""OK"", ""province"": ""OK"", ""name"": ""OK"", ""website"": ""NOT_FOUND"", ""owner_name"": ""NOT_FOUND""}",2026-10-07T04:03:22.597790,2026-10-07T04:05:39.945800,2026-10-07T04:05:39.971708,NO,YES,"{""band_label"": ""اعتبار بالا"", ""components"": {""source"": 70.0, ""corroboration"": 42.0, ""fields"": 82.0, ""phone"": 93.0}, ""penalties"": [], ""reasons"": [""بهترین منبع با اعتبار 0.70"", ""1 منبع مستقل تأییدکننده"", ""پیش‌شماره با شهر کسب‌وکار سازگار است"", ""شماره در بلوک مصنوعی تست قرار دارد""], ""independent_domains"": 1, ""observations"": 2}",عمده فروشی مواد شوینده رحیمی . عمده فروشی مواد شوینده رحیمی — عمده فروشی مواد شوینده، نطنز، تلفن: 003-10000197 — همراه: 09120000197. آدرس: نطنز، خیابان طالقانی، پلاک 73
43,بازرگانی عمده فروشی مواد شوینده کاظمی,NOT_FOUND,NOT_FOUND,اصفهان,نطنز,نطنز,نطنز، خیابان ۲۲ بهمن، پلاک 66,NOT_FOUND,NOT_FOUND,09120000199,,VALID,MOBILE,NOT_FOUND,,OK,WHOLESALER,DETERGENT,DETERGENT,2,1,,,NOT_FOUND,66,70,HIGH,ACTIVE,"{""address"": ""OK"", ""city"": ""OK"", ""county"": ""OK"", ""province"": ""OK"", ""name"": ""OK"", ""website"": ""NOT_FOUND"", ""owner_name"": ""NOT_FOUND""}",2026-10-07T04:03:22.765102,2026-10-07T04:05:40.006477,2026-10-07T04:05:40.011743,NO,YES,"{""band_label"": ""اعتبار بالا"", ""components"": {""source"": 70.0, ""corroboration"": 42.0, ""fields"": 82.0, ""phone"": 93.0}, ""penalties"": [], ""reasons"": [""بهترین منبع با اعتبار 0.70"", ""1 منبع مستقل تأییدکننده"", ""پیش‌شماره با شهر کسب‌وکار سازگار است"", ""شماره در بلوک مصنوعی تست قرار دارد""], ""independent_domains"": 1, ""observations"": 2}",بازرگانی عمده فروشی مواد شوینده کاظمی . بازرگانی عمده فروشی مواد شوینده کاظمی — عمده فروشی مواد شوینده، نطنز، تلفن: 003-10000199 — همراه: 09120000199. آدرس: نطنز، خیابان ۲۲ بهمن، پلاک 66
46,شرکت عمده فروشی لوازم آرایشی و بهداشتی صادقی,NOT_FOUND,NOT_FOUND,اصفهان,نطنز,نطنز,نطنز، بلوار معلم، پلاک 108,NOT_FOUND,NOT_FOUND,09120000223,,VALID,MOBILE,NOT_FOUND,,OK,WHOLESALER,COSMETIC,COSMETIC,2,1,,,NOT_FOUND,75,70,HIGH,ACTIVE,"{""address"": ""OK"", ""city"": ""OK"", ""county"": ""OK"", ""province"": ""OK"", ""name"": ""OK"", ""website"": ""NOT_FOUND"", ""owner_name"": ""NOT_FOUND""}",2026-10-07T04:03:22.790773,2026-10-07T04:05:42.594206,2026-10-07T04:05:42.598097,NO,YES,"{""band_label"": ""اعتبار بالا"", ""components"": {""source"": 70.0, ""corroboration"": 42.0, ""fields"": 82.0, ""phone"": 93.0}, ""penalties"": [], ""reasons"": [""بهترین منبع با اعتبار 0.70"", ""1 منبع مستقل تأییدکننده"", ""پیش‌شماره با شهر کسب‌وکار سازگار است"", ""شماره در بلوک مصنوعی تست قرار دارد""], ""independent_domains"": 1, ""observations"": 2}",شرکت عمده فروشی لوازم آرایشی و بهداشتی صادقی . شرکت عمده فروشی لوازم آرایشی و بهداشتی صادقی — عمده فروشی لوازم آرایشی و بهداشتی، نطنز، تلفن: 003-10000223 — همراه: 09120000223. آدرس: نطنز، بلوار معلم، پلاک 108
47,شرکت عمده فروشی لوازم آرایشی و بهداشتی اکبری,NOT_FOUND,NOT_FOUND,اصفهان,نطنز,نطنز,نطنز، خیابان بازار، پلاک 35,NOT_FOUND,NOT_FOUND,09120000224,,VALID,MOBILE,NOT_FOUND,,OK,WHOLESALER,COSMETIC,COSMETIC,2,1,,,NOT_FOUND,75,70,HIGH,ACTIVE,"{""address"": ""OK"", ""city"": ""OK"", ""county"": ""OK"", ""province"": ""OK"", ""name"": ""OK"", ""website"": ""NOT_FOUND"", ""owner_name"": ""NOT_FOUND""}",2026-10-07T04:03:22.795612,2026-10-07T04:05:42.599747,2026-10-07T04:05:42.601546,NO,YES,"{""band_label"": ""اعتبار بالا"", ""components"": {""source"": 70.0, ""corroboration"": 42.0, ""fields"": 82.0, ""phone"": 93.0}, ""penalties"": [], ""reasons"": [""بهترین منبع با اعتبار 0.70"", ""1 منبع مستقل تأییدکننده"", ""پیش‌شماره با شهر کسب‌وکار سازگار است"", ""شماره در بلوک مصنوعی تست قرار دارد""], ""independent_domains"": 1, ""observations"": 2}",شرکت عمده فروشی لوازم آرایشی و بهداشتی اکبری . شرکت عمده فروشی لوازم آرایشی و بهداشتی اکبری — عمده فروشی لوازم آرایشی و بهداشتی، نطنز، تلفن: 003-10000224 — همراه: 09120000224. آدرس: نطنز، خیابان بازار، پلاک 35
48,عمده فروشی مواد شوینده بهرامی,NOT_FOUND,NOT_FOUND,یزد,بافق,بافق,بافق، بلوار معلم، پلاک 131,NOT_FOUND,NOT_FOUND,09120000101,,VALID,MOBILE,NOT_FOUND,,OK,WHOLESALER,DETERGENT,DETERGENT,2,1,,,NOT_FOUND,66,70,HIGH,ACTIVE,"{""address"": ""OK"", ""city"": ""OK"", ""county"": ""OK"", ""province"": ""OK"", ""name"": ""OK"", ""website"": ""NOT_FOUND"", ""owner_name"": ""NOT_FOUND""}",2026-10-07T04:03:22.830726,2026-10-07T04:05:42.199104,2026-10-07T04:05:42.201732,NO,YES,"{""band_label"": ""اعتبار بالا"", ""components"": {""source"": 70.0, ""corroboration"": 42.0, ""fields"": 82.0, ""phone"": 93.0}, ""penalties"": [], ""reasons"": [""بهترین منبع با اعتبار 0.70"", ""1 منبع مستقل تأییدکننده"", ""پیش‌شماره با شهر کسب‌وکار سازگار است"", ""شماره در بلوک مصنوعی تست قرار دارد""], ""independent_domains"": 1, ""observations"": 2}",عمده فروشی مواد شوینده بهرامی . عمده فروشی مواد شوینده بهرامی — عمده فروشی مواد شوینده، بافق، تلفن: 003-50000101 — همراه: 09120000101. آدرس: بافق، بلوار معلم، پلاک 131
50,عمده فروشی مواد شوینده صادقی,NOT_FOUND,NOT_FOUND,یزد,بافق,بافق,بافق، خیابان بازار، پلاک 35,NOT_FOUND,NOT_FOUND,09120000103,,VALID,MOBILE,NOT_FOUND,,OK,WHOLESALER,DETERGENT,DETERGENT,1,1,,,NOT_FOUND,66,70,HIGH,ACTIVE,"{""address"": ""OK"", ""city"": ""OK"", ""county"": ""OK"", ""province"": ""OK"", ""name"": ""OK"", ""website"": ""NOT_FOUND"", ""owner_name"": ""NOT_FOUND""}",2026-10-07T04:03:22.842446,2026-10-07T04:05:39.675657,2026-10-07T04:05:39.679413,NO,YES,"{""band_label"": ""اعتبار بالا"", ""components"": {""source"": 70.0, ""corroboration"": 40.0, ""fields"": 82.0, ""phone"": 93.0}, ""penalties"": [], ""reasons"": [""بهترین منبع با اعتبار 0.70"", ""1 منبع مستقل تأییدکننده"", ""پیش‌شماره با شهر کسب‌وکار سازگار است"", ""شماره در بلوک مصنوعی تست قرار دارد""], ""independent_domains"": 1, ""observations"": 1}",عمده فروشی مواد شوینده صادقی . عمده فروشی مواد شوینده صادقی — عمده فروشی مواد شوینده، بافق، تلفن: 003-50000103 — همراه: 09120000103. آدرس: بافق، خیابان بازار، پلاک 35
51,عمده فروشی مواد شوینده کاظمی,NOT_FOUND,NOT_FOUND,یزد,بافق,بافق,بافق، بلوار شهید بهشتی، پلاک 183,NOT_FOUND,NOT_FOUND,09120000104,,VALID,MOBILE,NOT_FOUND,,OK,WHOLESALER,DETERGENT,DETERGENT,2,1,,,NOT_FOUND,66,70,HIGH,ACTIVE,"{""address"": ""OK"", ""city"": ""OK"", ""county"": ""OK"", ""province"": ""OK"", ""name"": ""OK"", ""website"": ""NOT_FOUND"", ""owner_name"": ""NOT_FOUND""}",2026-10-07T04:03:22.847725,2026-10-07T04:05:42.210095,2026-10-07T04:05:42.212513,NO,YES,"{""band_label"": ""اعتبار بالا"", ""components"": {""source"": 70.0, ""corroboration"": 42.0, ""fields"": 82.0, ""phone"": 93.0}, ""penalties"": [], ""reasons"": [""بهترین منبع با اعتبار 0.70"", ""1 منبع مستقل تأییدکننده"", ""پیش‌شماره با شهر کسب‌وکار سازگار است"", ""شماره در بلوک مصنوعی تست قرار دارد""], ""independent_domains"": 1, ""observations"": 2}",عمده فروشی مواد شوینده کاظمی . عمده فروشی مواد شوینده کاظمی — عمده فروشی مواد شوینده، بافق، تلفن: 003-50000104 — همراه: 09120000104. آدرس: بافق، بلوار شهید بهشتی، پلاک 183
53,شرکت عمده فروشی محصولات بهداشتی جعفری,NOT_FOUND,NOT_FOUND,لرستان,کوهدشت,کوهدشت,کوهدشت، خیابان بازار، پلاک 182,NOT_FOUND,NOT_FOUND,09120000259,,VALID,MOBILE,NOT_FOUND,,OK,WHOLESALER,HYGIENE,HYGIENE,2,1,,,NOT_FOUND,63,70,HIGH,ACTIVE,"{""address"": ""OK"", ""city"": ""OK"", ""county"": ""OK"", ""province"": ""OK"", ""name"": ""OK"", ""website"": ""NOT_FOUND"", ""owner_name"": ""NOT_FOUND""}",2026-10-07T04:03:23.165884,2026-10-07T04:05:43.035490,2026-10-07T04:05:43.038234,NO,YES,"{""band_label"": ""اعتبار بالا"", ""components"": {""source"": 70.0, ""corroboration"": 42.0, ""fields"": 82.0, ""phone"": 93.0}, ""penalties"": [], ""reasons"": [""بهترین منبع با اعتبار 0.70"", ""1 منبع مستقل تأییدکننده"", ""پیش‌شماره با شهر کسب‌وکار سازگار است"", ""شماره در بلوک مصنوعی تست قرار دارد""], ""independent_domains"": 1, ""observations"": 2}",شرکت عمده فروشی محصولات بهداشتی جعفری . شرکت عمده فروشی محصولات بهداشتی جعفری — عمده فروشی محصولات بهداشتی، کوهدشت، تلفن: 006-60000259 — همراه: 09120000259. آدرس: کوهدشت، خیابان بازار، پلاک 182
56,پخش محصولات بهداشتي موسوي,NOT_FOUND,NOT_FOUND,لرستان,کوهدشت,کوهدشت,کوهدشت، بلوار معلم، پلاک 109,NOT_FOUND,NOT_FOUND,09120000262,,VALID,MOBILE,NOT_FOUND,,OK,DISTRIBUTOR,HYGIENE,HYGIENE,2,1,,,NOT_FOUND,63,70,HIGH,ACTIVE,"{""address"": ""OK"", ""city"": ""OK"", ""county"": ""OK"", ""province"": ""OK"", ""name"": ""OK"", ""website"": ""NOT_FOUND"", ""owner_name"": ""NOT_FOUND""}",2026-10-07T04:03:23.184885,2026-10-07T04:05:43.580753,2026-10-07T04:05:43.616919,NO,YES,"{""band_label"": ""اعتبار بالا"", ""components"": {""source"": 70.0, ""corroboration"": 42.0, ""fields"": 82.0, ""phone"": 93.0}, ""penalties"": [], ""reasons"": [""بهترین منبع با اعتبار 0.70"", ""1 منبع مستقل تأییدکننده"", ""پیش‌شماره با شهر کسب‌وکار سازگار است"", ""شماره در بلوک مصنوعی تست قرار دارد""], ""independent_domains"": 1, ""observations"": 2}",پخش محصولات بهداشتي موسوي . پخش محصولات بهداشتي موسوي — پخش محصولات بهداشتی، کوهدشت، تلفن: 006-60000262 — همراه: 09120000262. آدرس: کوهدشت، بلوار معلم، پلاک 109
57,بازرگانی پخش محصولات بهداشتی قاسمی,NOT_FOUND,NOT_FOUND,لرستان,کوهدشت,کوهدشت,کوهدشت، خیابان بازار، پلاک 109,NOT_FOUND,NOT_FOUND,09120000263,,VALID,MOBILE,NOT_FOUND,,OK,DISTRIBUTOR,HYGIENE,HYGIENE,1,1,,,NOT_FOUND,63,70,HIGH,ACTIVE,"{""address"": ""OK"", ""city"": ""OK"", ""county"": ""OK"", ""province"": ""OK"", ""name"": ""OK"", ""website"": ""NOT_FOUND"", ""owner_name"": ""NOT_FOUND""}",2026-10-07T04:03:23.191397,2026-10-07T04:05:43.619347,2026-10-07T04:05:43.621887,NO,YES,"{""band_label"": ""اعتبار بالا"", ""components"": {""source"": 70.0, ""corroboration"": 40.0, ""fields"": 82.0, ""phone"": 93.0}, ""penalties"": [], ""reasons"": [""بهترین منبع با اعتبار 0.70"", ""1 منبع مستقل تأییدکننده"", ""پیش‌شماره با شهر کسب‌وکار سازگار است"", ""شماره در بلوک مصنوعی تست قرار دارد""], ""independent_domains"": 1, ""observations"": 1}",بازرگانی پخش محصولات بهداشتی قاسمی . بازرگانی پخش محصولات بهداشتی قاسمی — پخش محصولات بهداشتی، کوهدشت، تلفن: 006-60000263 — همراه: 09120000263. آدرس: کوهدشت، خیابان بازار، پلاک 109
60,فروشگاه محصولات بهداشتی احمدی,NOT_FOUND,NOT_FOUND,لرستان,کوهدشت,کوهدشت,کوهدشت، بلوار شهید بهشتی، پلاک 83,NOT_FOUND,NOT_FOUND,09120000266,,VALID,MOBILE,NOT_FOUND,,OK,RETAILER,HYGIENE,HYGIENE,2,1,,,NOT_FOUND,63,70,HIGH,ACTIVE,"{""address"": ""OK"", ""city"": ""OK"", ""county"": ""OK"", ""province"": ""OK"", ""name"": ""OK"", ""website"": ""NOT_FOUND"", ""owner_name"": ""NOT_FOUND""}",2026-10-07T04:03:23.210326,2026-10-07T04:05:43.166726,2026-10-07T04:05:43.168621,NO,YES,"{""band_label"": ""اعتبار بالا"", ""components"": {""source"": 70.0, ""corroboration"": 42.0, ""fields"": 82.0, ""phone"": 93.0}, ""penalties"": [], ""reasons"": [""بهترین منبع با اعتبار 0.70"", ""1 منبع مستقل تأییدکننده"", ""پیش‌شماره با شهر کسب‌وکار سازگار است"", ""شماره در بلوک مصنوعی تست قرار دارد""], ""independent_domains"": 1, ""observations"": 2}",فروشگاه محصولات بهداشتی احمدی . فروشگاه محصولات بهداشتی احمدی — فروشگاه محصولات بهداشتی، کوهدشت، تلفن: 006-60000266 — همراه: 09120000266. آدرس: کوهدشت، بلوار شهید بهشتی، پلاک 83
61,شرکت عمده فروشی لوازم آرایشی و بهداشتی کریمی,NOT_FOUND,NOT_FOUND,لرستان,کوهدشت,کوهدشت,کوهدشت، کوی کارگران، پلاک 95,NOT_FOUND,NOT_FOUND,09120000271,,VALID,MOBILE,NOT_FOUND,,OK,WHOLESALER,COSMETIC,COSMETIC,1,1,,,NOT_FOUND,75,70,HIGH,ACTIVE,"{""address"": ""OK"", ""city"": ""OK"", ""county"": ""OK"", ""province"": ""OK"", ""name"": ""OK"", ""website"": ""NOT_FOUND"", ""owner_name"": ""NOT_FOUND""}",2026-10-07T04:03:23.216626,2026-10-07T04:05:42.641068,2026-10-07T04:05:42.643179,NO,YES,"{""band_label"": ""اعتبار بالا"", ""components"": {""source"": 70.0, ""corroboration"": 40.0, ""fields"": 82.0, ""phone"": 93.0}, ""penalties"": [], ""reasons"": [""بهترین منبع با اعتبار 0.70"", ""1 منبع مستقل تأییدکننده"", ""پیش‌شماره با شهر کسب‌وکار سازگار است"", ""شماره در بلوک مصنوعی تست قرار دارد""], ""independent_domains"": 1, ""observations"": 1}",شرکت عمده فروشی لوازم آرایشی و بهداشتی کریمی . شرکت عمده فروشی لوازم آرایشی و بهداشتی کریمی — عمده فروشی لوازم آرایشی و بهداشتی، کوهدشت، تلفن: 006-60000271 — همراه: 09120000271. آدرس: کوهدشت، کوی کارگران، پلاک 95
62,بازرگانی عمده فروشی لوازم آرایشی و بهداشتی قاسمی,NOT_FOUND,NOT_FOUND,لرستان,کوهدشت,کوهدشت,کوهدشت، خیابان طالقانی، پلاک 80,NOT_FOUND,NOT_FOUND,09120000272,,VALID,MOBILE,NOT_FOUND,,OK,WHOLESALER,COSMETIC,COSMETIC,2,1,,,NOT_FOUND,75,70,HIGH,ACTIVE,"{""address"": ""OK"", ""city"": ""OK"", ""county"": ""OK"", ""province"": ""OK"", ""name"": ""OK"", ""website"": ""NOT_FOUND"", ""owner_name"": ""NOT_FOUND""}",2026-10-07T04:03:23.223293,2026-10-07T04:05:43.051451,2026-10-07T04:05:43.054146,NO,YES,"{""band_label"": ""اعتبار بالا"", ""components"": {""source"": 70.0, ""corroboration"": 42.0, ""fields"": 82.0, ""phone"": 93.0}, ""penalties"": [], ""reasons"": [""بهترین منبع با اعتبار 0.70"", ""1 منبع مستقل تأییدکننده"", ""پیش‌شماره با شهر کسب‌وکار سازگار است"", ""شماره در بلوک مصنوعی تست قرار دارد""], ""independent_domains"": 1, ""observations"": 2}",بازرگانی عمده فروشی لوازم آرایشی و بهداشتی قاسمی . بازرگانی عمده فروشی لوازم آرایشی و بهداشتی قاسمی — عمده فروشی لوازم آرایشی و بهداشتی، کوهدشت، تلفن: 006-60000272 — همراه: 09120000272. آدرس: کوهدشت، خیابان طالقانی، پلاک 80
64,شرکت پخش لوازم آرایشی و بهداشتی حسینی,NOT_FOUND,NOT_FOUND,لرستان,کوهدشت,کوهدشت,کوهدشت، خیابان طالقانی، پلاک 5,NOT_FOUND,NOT_FOUND,09120000274,,VALID,MOBILE,NOT_FOUND,,OK,DISTRIBUTOR,COSMETIC,COSMETIC,2,1,,,NOT_FOUND,75,70,HIGH,ACTIVE,"{""address"": ""OK"", ""city"": ""OK"", ""county"": ""OK"", ""province"": ""OK"", ""name"": ""OK"", ""website"": ""NOT_FOUND"", ""owner_name"": ""NOT_FOUND""}",2026-10-07T04:03:23.235483,2026-10-07T04:05:43.635535,2026-10-07T04:05:43.637774,NO,YES,"{""band_label"": ""اعتبار بالا"", ""components"": {""source"": 70.0, ""corroboration"": 42.0, ""fields"": 82.0, ""phone"": 93.0}, ""penalties"": [], ""reasons"": [""بهترین منبع با اعتبار 0.70"", ""1 منبع مستقل تأییدکننده"", ""پیش‌شماره با شهر کسب‌وکار سازگار است"", ""شماره در بلوک مصنوعی تست قرار دارد""], ""independent_domains"": 1, ""observations"": 2}",شرکت پخش لوازم آرایشی و بهداشتی حسینی . شرکت پخش لوازم آرایشی و بهداشتی حسینی — پخش لوازم آرایشی و بهداشتی، کوهدشت، تلفن: 006-60000274 — همراه: 09120000274. آدرس: کوهدشت، خیابان طالقانی، پلاک 5
68,فروشگاه لوازم آرایشی و بهداشتی رحیمی,NOT_FOUND,NOT_FOUND,لرستان,کوهدشت,کوهدشت,کوهدشت، خیابان ۲۲ بهمن، پلاک 169,NOT_FOUND,NOT_FOUND,09120000278,,VALID,MOBILE,NOT_FOUND,,OK,RETAILER,COSMETIC,COSMETIC,2,1,,,NOT_FOUND,75,70,HIGH,ACTIVE,"{""address"": ""OK"", ""city"": ""OK"", ""county"": ""OK"", ""province"": ""OK"", ""name"": ""OK"", ""website"": ""NOT_FOUND"", ""owner_name"": ""NOT_FOUND""}",2026-10-07T04:03:23.259908,2026-10-07T04:05:43.110605,2026-10-07T04:05:43.112453,NO,YES,"{""band_label"": ""اعتبار بالا"", ""components"": {""source"": 70.0, ""corroboration"": 42.0, ""fields"": 82.0, ""phone"": 93.0}, ""penalties"": [], ""reasons"": [""بهترین منبع با اعتبار 0.70"", ""1 منبع مستقل تأییدکننده"", ""پیش‌شماره با شهر کسب‌وکار سازگار است"", ""شماره در بلوک مصنوعی تست قرار دارد""], ""independent_domains"": 1, ""observations"": 2}",فروشگاه لوازم آرایشی و بهداشتی رحیمی . فروشگاه لوازم آرایشی و بهداشتی رحیمی — فروشگاه لوازم آرایشی و بهداشتی، کوهدشت، تلفن: 006-60000278 — همراه: 09120000278. آدرس: کوهدشت، خیابان ۲۲ بهمن، پلاک 169
71,شرکت پخش مواد شوینده کریمی,NOT_FOUND,NOT_FOUND,اصفهان,نطنز,نطنز,نطنز، خیابان بازار، پلاک 168,NOT_FOUND,NOT_FOUND,09120000202,,VALID,MOBILE,NOT_FOUND,,OK,DISTRIBUTOR,DETERGENT,DETERGENT,2,1,,,NOT_FOUND,66,70,HIGH,ACTIVE,"{""address"": ""OK"", ""city"": ""OK"", ""county"": ""OK"", ""province"": ""OK"", ""name"": ""OK"", ""website"": ""NOT_FOUND"", ""owner_name"": ""NOT_FOUND""}",2026-10-07T04:03:23.594680,2026-10-07T04:05:41.469010,2026-10-07T04:05:41.471348,NO,YES,"{""band_label"": ""اعتبار بالا"", ""components"": {""source"": 70.0, ""corroboration"": 42.0, ""fields"": 82.0, ""phone"": 93.0}, ""penalties"": [], ""reasons"": [""بهترین منبع با اعتبار 0.70"", ""1 منبع مستقل تأییدکننده"", ""پیش‌شماره با شهر کسب‌وکار سازگار است"", ""شماره در بلوک مصنوعی تست قرار دارد""], ""independent_domains"": 1, ""observations"": 2}",شرکت پخش مواد شوینده کریمی دسته: مواد شوینده | نوع: پخش تلفن: 003-10000202 همراه: 09120000202 آدرس: نطنز، خیابان بازار، پلاک 168
73,پخش لوازم آرایشی و بهداشتی کریمی,NOT_FOUND,NOT_FOUND,اصفهان,نطنز,نطنز,نطنز، کوی کارگران، پلاک 162,NOT_FOUND,NOT_FOUND,09120000226,,VALID,MOBILE,NOT_FOUND,,OK,DISTRIBUTOR,COSMETIC,COSMETIC,1,1,,,NOT_FOUND,75,70,HIGH,ACTIVE,"{""address"": ""OK"", ""city"": ""OK"", ""county"": ""OK"", ""province"": ""OK"", ""name"": ""OK"", ""website"": ""NOT_FOUND"", ""owner_name"": ""NOT_FOUND""}",2026-10-07T04:03:24.007715,2026-10-07T04:05:42.988812,2026-10-07T04:05:42.990913,NO,YES,"{""band_label"": ""اعتبار بالا"", ""components"": {""source"": 70.0, ""corroboration"": 40.0, ""fields"": 82.0, ""phone"": 93.0}, ""penalties"": [], ""reasons"": [""بهترین منبع با اعتبار 0.70"", ""1 منبع مستقل تأییدکننده"", ""پیش‌شماره با شهر کسب‌وکار سازگار است"", ""شماره در بلوک مصنوعی تست قرار دارد""], ""independent_domains"": 1, ""observations"": 1}",پخش لوازم آرایشی و بهداشتی کریمی دسته: لوازم آرایشی و بهداشتی | نوع: پخش تلفن: 003-10000226 همراه: 09120000226 آدرس: نطنز، کوی کارگران، پلاک 162
80,شرکت پخش محصولات بهداشتی موسوی,NOT_FOUND,NOT_FOUND,اصفهان,نطنز,نطنز,نطنز، بلوار شهید بهشتی، پلاک 89,NOT_FOUND,NOT_FOUND,09120000214,,VALID,MOBILE,NOT_FOUND,,OK,DISTRIBUTOR,HYGIENE,HYGIENE,2,1,,,NOT_FOUND,63,70,HIGH,ACTIVE,"{""address"": ""OK"", ""city"": ""OK"", ""county"": ""OK"", ""province"": ""OK"", ""name"": ""OK"", ""website"": ""NOT_FOUND"", ""owner_name"": ""NOT_FOUND""}",2026-10-07T04:03:25.208758,2026-10-07T04:05:41.960674,2026-10-07T04:05:41.975829,NO,YES,"{""band_label"": ""اعتبار بالا"", ""components"": {""source"": 70.0, ""corroboration"": 42.0, ""fields"": 82.0, ""phone"": 93.0}, ""penalties"": [], ""reasons"": [""بهترین منبع با اعتبار 0.70"", ""1 منبع مستقل تأییدکننده"", ""پیش‌شماره با شهر کسب‌وکار سازگار است"", ""شماره در بلوک مصنوعی تست قرار دارد""], ""independent_domains"": 1, ""observations"": 2}",شرکت پخش محصولات بهداشتی موسوی دسته: محصولات بهداشتی | نوع: پخش تلفن: 003-10000214 همراه: 09120000214 آدرس: نطنز، بلوار شهید بهشتی، پلاک 89
82,بازرگانی پخش محصولات بهداشتی حسینی,NOT_FOUND,NOT_FOUND,سمنان,مهدی شهر,مهدی شهر,مهدی شهر، بلوار معلم، پلاک 195,NOT_FOUND,NOT_FOUND,09120000166,,VALID,MOBILE,NOT_FOUND,,OK,DISTRIBUTOR,HYGIENE,HYGIENE,2,1,,,NOT_FOUND,63,70,HIGH,ACTIVE,"{""address"": ""OK"", ""city"": ""OK"", ""county"": ""OK"", ""province"": ""OK"", ""name"": ""OK"", ""website"": ""NOT_FOUND"", ""owner_name"": ""NOT_FOUND""}",2026-10-07T04:03:25.566821,2026-10-07T04:05:44.225463,2026-10-07T04:05:44.227753,NO,YES,"{""band_label"": ""اعتبار بالا"", ""components"": {""source"": 70.0, ""corroboration"": 42.0, ""fields"": 82.0, ""phone"": 93.0}, ""penalties"": [], ""reasons"": [""بهترین منبع با اعتبار 0.70"", ""1 منبع مستقل تأییدکننده"", ""پیش‌شماره با شهر کسب‌وکار سازگار است"", ""شماره در بلوک مصنوعی تست قرار دارد""], ""independent_domains"": 1, ""observations"": 2}",بازرگانی پخش محصولات بهداشتی حسینی دسته: محصولات بهداشتی | نوع: پخش تلفن: 002-30000166 همراه: 09120000166 آدرس: مهدی شهر، بلوار معلم، پلاک 195
83,پخش محصولات بهداشتی کریمی,NOT_FOUND,NOT_FOUND,سمنان,مهدی شهر,مهدی شهر,مهدی شهر، خیابان بازار، پلاک 39,NOT_FOUND,NOT_FOUND,09120000167,,VALID,MOBILE,NOT_FOUND,,OK,DISTRIBUTOR,HYGIENE,HYGIENE,1,1,,,NOT_FOUND,63,70,HIGH,ACTIVE,"{""address"": ""OK"", ""city"": ""OK"", ""county"": ""OK"", ""province"": ""OK"", ""name"": ""OK"", ""website"": ""NOT_FOUND"", ""owner_name"": ""NOT_FOUND""}",2026-10-07T04:03:25.756129,2026-10-07T04:05:43.900597,2026-10-07T04:05:43.903613,NO,YES,"{""band_label"": ""اعتبار بالا"", ""components"": {""source"": 70.0, ""corroboration"": 40.0, ""fields"": 82.0, ""phone"": 93.0}, ""penalties"": [], ""reasons"": [""بهترین منبع با اعتبار 0.70"", ""1 منبع مستقل تأییدکننده"", ""پیش‌شماره با شهر کسب‌وکار سازگار است"", ""شماره در بلوک مصنوعی تست قرار دارد""], ""independent_domains"": 1, ""observations"": 1}",پخش محصولات بهداشتی کریمی دسته: محصولات بهداشتی | نوع: پخش تلفن: 002-30000167 همراه: 09120000167 آدرس: مهدی شهر، خیابان بازار، پلاک 39
85,بازرگانی پخش لوازم آرایشی و بهداشتی رضایی,NOT_FOUND,NOT_FOUND,سمنان,مهدی شهر,مهدی شهر,مهدی شهر، خیابان طالقانی، پلاک 103,NOT_FOUND,NOT_FOUND,09120000178,,VALID,MOBILE,NOT_FOUND,,OK,DISTRIBUTOR,COSMETIC,COSMETIC,1,1,,,NOT_FOUND,75,70,HIGH,ACTIVE,"{""address"": ""OK"", ""city"": ""OK"", ""county"": ""OK"", ""province"": ""OK"", ""name"": ""OK"", ""website"": ""NOT_FOUND"", ""owner_name"": ""NOT_FOUND""}",2026-10-07T04:03:26.173201,2026-10-07T04:05:43.909880,2026-10-07T04:05:43.912042,NO,YES,"{""band_label"": ""اعتبار بالا"", ""components"": {""source"": 70.0, ""corroboration"": 40.0, ""fields"": 82.0, ""phone"": 93.0}, ""penalties"": [], ""reasons"": [""بهترین منبع با اعتبار 0.70"", ""1 منبع مستقل تأییدکننده"", ""پیش‌شماره با شهر کسب‌وکار سازگار است"", ""شماره در بلوک مصنوعی تست قرار دارد""], ""independent_domains"": 1, ""observations"": 1}",بازرگانی پخش لوازم آرایشی و بهداشتی رضایی دسته: لوازم آرایشی و بهداشتی | نوع: پخش تلفن: 002-30000178 همراه: 09120000178 آدرس: مهدی شهر، خیابان طالقانی، پلاک 103
86,شرکت پخش لوازم آرایشی و بهداشتی صادقی,NOT_FOUND,NOT_FOUND,سمنان,مهدی شهر,مهدی شهر,مهدی شهر، کوی کارگران، پلاک 121,NOT_FOUND,NOT_FOUND,09120000179,,VALID,MOBILE,NOT_FOUND,,OK,DISTRIBUTOR,COSMETIC,COSMETIC,1,1,,,NOT_FOUND,75,70,HIGH,ACTIVE,"{""address"": ""OK"", ""city"": ""OK"", ""county"": ""OK"", ""province"": ""OK"", ""name"": ""OK"", ""website"": ""NOT_FOUND"", ""owner_name"": ""NOT_FOUND""}",2026-10-07T04:03:26.367286,2026-10-07T04:05:43.913855,2026-10-07T04:05:43.916243,NO,YES,"{""band_label"": ""اعتبار بالا"", ""components"": {""source"": 70.0, ""corroboration"": 40.0, ""fields"": 82.0, ""phone"": 93.0}, ""penalties"": [], ""reasons"": [""بهترین منبع با اعتبار 0.70"", ""1 منبع مستقل تأییدکننده"", ""پیش‌شماره با شهر کسب‌وکار سازگار است"", ""شماره در بلوک مصنوعی تست قرار دارد""], ""independent_domains"": 1, ""observations"": 1}",شرکت پخش لوازم آرایشی و بهداشتی صادقی دسته: لوازم آرایشی و بهداشتی | نوع: پخش تلفن: 002-30000179 همراه: 09120000179 آدرس: مهدی شهر، کوی کارگران، پلاک 121
93,بازرگاني فروشگاه مواد شوينده بهرامي,NOT_FOUND,NOT_FOUND,سمنان,مهدی شهر,مهدی شهر,مهدی شهر، خیابان طالقانی، پلاک 41,NOT_FOUND,NOT_FOUND,09120000157,,VALID,MOBILE,NOT_FOUND,,OK,RETAILER,DETERGENT,DETERGENT,2,1,,,NOT_FOUND,66,70,HIGH,ACTIVE,"{""address"": ""OK"", ""city"": ""OK"", ""county"": ""OK"", ""province"": ""OK"", ""name"": ""OK"", ""website"": ""NOT_FOUND"", ""owner_name"": ""NOT_FOUND""}",2026-10-07T04:03:27.926512,2026-10-07T04:05:44.262154,2026-10-07T04:05:44.264547,NO,YES,"{""band_label"": ""اعتبار بالا"", ""components"": {""source"": 70.0, ""corroboration"": 42.0, ""fields"": 82.0, ""phone"": 93.0}, ""penalties"": [], ""reasons"": [""بهترین منبع با اعتبار 0.70"", ""1 منبع مستقل تأییدکننده"", ""پیش‌شماره با شهر کسب‌وکار سازگار است"", ""شماره در بلوک مصنوعی تست قرار دارد""], ""independent_domains"": 1, ""observations"": 2}",بازرگاني فروشگاه مواد شوينده بهرامي . بازرگاني فروشگاه مواد شوينده بهرامي — فروشگاه مواد شوینده، مهدی شهر، تلفن: 002-30000157 — همراه: 09120000157. آدرس: مهدی شهر، خیابان طالقانی، پلاک 41
94,فروشگاه مواد شوینده زمانی,NOT_FOUND,NOT_FOUND,سمنان,مهدی شهر,مهدی شهر,مهدی شهر، خیابان امام خمینی، پلاک 106,NOT_FOUND,NOT_FOUND,09120000158,,VALID,MOBILE,NOT_FOUND,,OK,RETAILER,DETERGENT,DETERGENT,2,1,,,NOT_FOUND,66,70,HIGH,ACTIVE,"{""address"": ""OK"", ""city"": ""OK"", ""county"": ""OK"", ""province"": ""OK"", ""name"": ""OK"", ""website"": ""NOT_FOUND"", ""owner_name"": ""NOT_FOUND""}",2026-10-07T04:03:28.112595,2026-10-07T04:05:44.266542,2026-10-07T04:05:44.268815,NO,YES,"{""band_label"": ""اعتبار بالا"", ""components"": {""source"": 70.0, ""corroboration"": 42.0, ""fields"": 82.0, ""phone"": 93.0}, ""penalties"": [], ""reasons"": [""بهترین منبع با اعتبار 0.70"", ""1 منبع مستقل تأییدکننده"", ""پیش‌شماره با شهر کسب‌وکار سازگار است"", ""شماره در بلوک مصنوعی تست قرار دارد""], ""independent_domains"": 1, ""observations"": 2}",فروشگاه مواد شوینده زمانی . فروشگاه مواد شوینده زمانی — فروشگاه مواد شوینده، مهدی شهر، تلفن: 002-30000158 — همراه: 09120000158. آدرس: مهدی شهر، خیابان امام خمینی، پلاک 106
96,شرکت عمده فروشی مواد شوینده نوری,NOT_FOUND,NOT_FOUND,سیستان و بلوچستان,خاش,خاش,خاش، خیابان ۲۲ بهمن، پلاک 155,NOT_FOUND,NOT_FOUND,09120000341,,VALID,MOBILE,NOT_FOUND,,OK,WHOLESALER,DETERGENT,DETERGENT,1,1,,,NOT_FOUND,66,70,HIGH,ACTIVE,"{""address"": ""OK"", ""city"": ""OK"", ""county"": ""OK"", ""province"": ""OK"", ""name"": ""OK"", ""website"": ""NOT_FOUND"", ""owner_name"": ""NOT_FOUND""}",2026-10-07T04:03:28.259777,2026-10-07T04:05:35.296549,2026-10-07T04:05:35.298950,NO,YES,"{""band_label"": ""اعتبار بالا"", ""components"": {""source"": 70.0, ""corroboration"": 40.0, ""fields"": 82.0, ""phone"": 93.0}, ""penalties"": [], ""reasons"": [""بهترین منبع با اعتبار 0.70"", ""1 منبع مستقل تأییدکننده"", ""پیش‌شماره با شهر کسب‌وکار سازگار است"", ""شماره در بلوک مصنوعی تست قرار دارد""], ""independent_domains"": 1, ""observations"": 1}",شرکت عمده فروشی مواد شوینده نوری . شرکت عمده فروشی مواد شوینده نوری — عمده فروشی مواد شوینده، خاش، تلفن: 005-40000341 — همراه: 09120000341. آدرس: خاش، خیابان ۲۲ بهمن، پلاک 155
98,پخش محصولات بهداشتی حسینی,NOT_FOUND,NOT_FOUND,سیستان و بلوچستان,خاش,خاش,خاش، خیابان ۲۲ بهمن، پلاک 12,NOT_FOUND,NOT_FOUND,09120000359,,VALID,MOBILE,NOT_FOUND,,OK,DISTRIBUTOR,HYGIENE,HYGIENE,2,1,,,NOT_FOUND,63,70,HIGH,ACTIVE,"{""address"": ""OK"", ""city"": ""OK"", ""county"": ""OK"", ""province"": ""OK"", ""name"": ""OK"", ""website"": ""NOT_FOUND"", ""owner_name"": ""NOT_FOUND""}",2026-10-07T04:03:28.465902,2026-10-07T04:05:42.564009,2026-10-07T04:05:42.565934,NO,YES,"{""band_label"": ""اعتبار بالا"", ""components"": {""source"": 70.0, ""corroboration"": 42.0, ""fields"": 82.0, ""phone"": 93.0}, ""penalties"": [], ""reasons"": [""بهترین منبع با اعتبار 0.70"", ""1 منبع مستقل تأییدکننده"", ""پیش‌شماره با شهر کسب‌وکار سازگار است"", ""شماره در بلوک مصنوعی تست قرار دارد""], ""independent_domains"": 1, ""observations"": 2}",پخش محصولات بهداشتی حسینی . پخش محصولات بهداشتی حسینی — پخش محصولات بهداشتی، خاش، تلفن: 005-40000359 — همراه: 09120000359. آدرس: خاش، خیابان ۲۲ بهمن، پلاک 12
100,بازرگانی عمده فروشی مواد شوینده نوری,NOT_FOUND,NOT_FOUND,سمنان,مهدی شهر,مهدی شهر,مهدی شهر، بلوار معلم، پلاک 127,NOT_FOUND,NOT_FOUND,"09120000151, 09120000149",,VALID,MOBILE,NOT_FOUND,,CONFLICTED,WHOLESALER,DETERGENT,DETERGENT,2,1,,,NOT_FOUND,66,70,HIGH,ACTIVE,"{""address"": ""CONFLICTED"", ""city"": ""OK"", ""county"": ""OK"", ""province"": ""OK"", ""name"": ""OK"", ""website"": ""NOT_FOUND"", ""owner_name"": ""NOT_FOUND""}",2026-10-07T04:03:28.675490,2026-10-07T04:05:42.289892,2026-10-07T04:05:42.293364,NO,YES,"{""band_label"": ""اعتبار بالا"", ""components"": {""source"": 70.0, ""corroboration"": 40.0, ""fields"": 82.0, ""phone"": 93.0}, ""penalties"": [], ""reasons"": [""بهترین منبع با اعتبار 0.70"", ""1 منبع مستقل تأییدکننده"", ""پیش‌شماره با شهر کسب‌وکار سازگار است"", ""شماره در بلوک مصنوعی تست قرار دارد""], ""independent_domains"": 1, ""observations"": 2}",بازرگانی عمده فروشی مواد شوینده نوری دسته: مواد شوینده | نوع: عمده فروشی تلفن: 002-30000151 همراه: 09120000151 آدرس: مهدی شهر، بلوار معلم، پلاک 127
101,بازرگانی عمده فروشی مواد شوینده رحیمی,NOT_FOUND,NOT_FOUND,سمنان,مهدی شهر,مهدی شهر,مهدی شهر، خیابان طالقانی، پلاک 35,NOT_FOUND,NOT_FOUND,09120000152,,VALID,MOBILE,NOT_FOUND,,OK,WHOLESALER,DETERGENT,DETERGENT,2,1,,,NOT_FOUND,66,70,HIGH,ACTIVE,"{""address"": ""OK"", ""city"": ""OK"", ""county"": ""OK"", ""province"": ""OK"", ""name"": ""OK"", ""website"": ""NOT_FOUND"", ""owner_name"": ""NOT_FOUND""}",2026-10-07T04:03:28.933618,2026-10-07T04:05:42.299929,2026-10-07T04:05:42.302316,NO,YES,"{""band_label"": ""اعتبار بالا"", ""components"": {""source"": 70.0, ""corroboration"": 42.0, ""fields"": 82.0, ""phone"": 93.0}, ""penalties"": [], ""reasons"": [""بهترین منبع با اعتبار 0.70"", ""1 منبع مستقل تأییدکننده"", ""پیش‌شماره با شهر کسب‌وکار سازگار است"", ""شماره در بلوک مصنوعی تست قرار دارد""], ""independent_domains"": 1, ""observations"": 2}",بازرگانی عمده فروشی مواد شوینده رحیمی دسته: مواد شوینده | نوع: عمده فروشی تلفن: 002-30000152 همراه: 09120000152 آدرس: مهدی شهر، خیابان طالقانی، پلاک 35
104,شرکت فروشگاه محصولات بهداشتی کاظمی,NOT_FOUND,NOT_FOUND,اصفهان,نطنز,نطنز,نطنز، خیابان امام خمینی، پلاک 143,NOT_FOUND,NOT_FOUND,09120000218,,VALID,MOBILE,NOT_FOUND,,OK,RETAILER,HYGIENE,HYGIENE,1,1,,,NOT_FOUND,63,70,HIGH,ACTIVE,"{""address"": ""OK"", ""city"": ""OK"", ""county"": ""OK"", ""province"": ""OK"", ""name"": ""OK"", ""website"": ""NOT_FOUND"", ""owner_name"": ""NOT_FOUND""}",2026-10-07T04:03:29.080256,2026-10-07T04:05:42.161181,2026-10-07T04:05:42.165320,NO,YES,"{""band_label"": ""اعتبار بالا"", ""components"": {""source"": 70.0, ""corroboration"": 40.0, ""fields"": 82.0, ""phone"": 93.0}, ""penalties"": [], ""reasons"": [""بهترین منبع با اعتبار 0.70"", ""1 منبع مستقل تأییدکننده"", ""پیش‌شماره با شهر کسب‌وکار سازگار است"", ""شماره در بلوک مصنوعی تست قرار دارد""], ""independent_domains"": 1, ""observations"": 1}",شرکت فروشگاه محصولات بهداشتی کاظمی . شرکت فروشگاه محصولات بهداشتی کاظمی — فروشگاه محصولات بهداشتی، نطنز، تلفن: 003-10000218 — همراه: 09120000218. آدرس: نطنز، خیابان امام خمینی، پلاک 143
106,بازرگانی پخش لوازم آرایشی و بهداشتی نوری,NOT_FOUND,NOT_FOUND,اصفهان,نطنز,نطنز,نطنز، کوی کارگران، پلاک 77,NOT_FOUND,NOT_FOUND,09120000227,,VALID,MOBILE,NOT_FOUND,,OK,DISTRIBUTOR,COSMETIC,COSMETIC,2,1,,,NOT_FOUND,75,70,HIGH,ACTIVE,"{""address"": ""OK"", ""city"": ""OK"", ""county"": ""OK"", ""province"": ""OK"", ""name"": ""OK"", ""website"": ""NOT_FOUND"", ""owner_name"": ""NOT_FOUND""}",2026-10-07T04:03:29.304768,2026-10-07T04:05:42.992787,2026-10-07T04:05:42.995261,NO,YES,"{""band_label"": ""اعتبار بالا"", ""components"": {""source"": 70.0, ""corroboration"": 42.0, ""fields"": 82.0, ""phone"": 93.0}, ""penalties"": [], ""reasons"": [""بهترین منبع با اعتبار 0.70"", ""1 منبع مستقل تأییدکننده"", ""پیش‌شماره با شهر کسب‌وکار سازگار است"", ""شماره در بلوک مصنوعی تست قرار دارد""], ""independent_domains"": 1, ""observations"": 2}",بازرگانی پخش لوازم آرایشی و بهداشتی نوری . بازرگانی پخش لوازم آرایشی و بهداشتی نوری — پخش لوازم آرایشی و بهداشتی، نطنز، تلفن: 003-10000227 — همراه: 09120000227. آدرس: نطنز، کوی کارگران، پلاک 77
110,شرکت پخش مواد شوینده اکبری,NOT_FOUND,NOT_FOUND,سیستان و بلوچستان,خاش,خاش,خاش، میدان مرکزی، پلاک 128,NOT_FOUND,NOT_FOUND,09120000346,,VALID,MOBILE,NOT_FOUND,,OK,DISTRIBUTOR,DETERGENT,DETERGENT,1,1,,,NOT_FOUND,66,70,HIGH,ACTIVE,"{""address"": ""OK"", ""city"": ""OK"", ""county"": ""OK"", ""province"": ""OK"", ""name"": ""OK"", ""website"": ""NOT_FOUND"", ""owner_name"": ""NOT_FOUND""}",2026-10-07T04:03:29.551104,2026-10-07T04:05:34.135089,2026-10-07T04:05:34.137059,NO,YES,"{""band_label"": ""اعتبار بالا"", ""components"": {""source"": 70.0, ""corroboration"": 40.0, ""fields"": 82.0, ""phone"": 93.0}, ""penalties"": [], ""reasons"": [""بهترین منبع با اعتبار 0.70"", ""1 منبع مستقل تأییدکننده"", ""پیش‌شماره با شهر کسب‌وکار سازگار است"", ""شماره در بلوک مصنوعی تست قرار دارد""], ""independent_domains"": 1, ""observations"": 1}",شرکت پخش مواد شوینده اکبری دسته: مواد شوینده | نوع: پخش تلفن: 005-40000346 همراه: 09120000346 آدرس: خاش، میدان مرکزی، پلاک 128
115,بازرگانی پخش مواد شوینده جعفری,NOT_FOUND,NOT_FOUND,لرستان,کوهدشت,کوهدشت,کوهدشت، میدان مرکزی، پلاک 189,NOT_FOUND,NOT_FOUND,09120000251,,VALID,MOBILE,NOT_FOUND,,OK,DISTRIBUTOR,DETERGENT,DETERGENT,1,1,,,NOT_FOUND,66,70,HIGH,ACTIVE,"{""address"": ""OK"", ""city"": ""OK"", ""county"": ""OK"", ""province"": ""OK"", ""name"": ""OK"", ""website"": ""NOT_FOUND"", ""owner_name"": ""NOT_FOUND""}",2026-10-07T04:03:30.727163,2026-10-07T04:05:41.435720,2026-10-07T04:05:41.437839,NO,YES,"{""band_label"": ""اعتبار بالا"", ""components"": {""source"": 70.0, ""corroboration"": 40.0, ""fields"": 82.0, ""phone"": 93.0}, ""penalties"": [], ""reasons"": [""بهترین منبع با اعتبار 0.70"", ""1 منبع مستقل تأییدکننده"", ""پیش‌شماره با شهر کسب‌وکار سازگار است"", ""شماره در بلوک مصنوعی تست قرار دارد""], ""independent_domains"": 1, ""observations"": 1}",بازرگانی پخش مواد شوینده جعفری . بازرگانی پخش مواد شوینده جعفری — پخش مواد شوینده، کوهدشت، تلفن: 006-60000251 — همراه: 09120000251. آدرس: کوهدشت، میدان مرکزی، پلاک 189
117,پخش مواد شوينده صادقي,NOT_FOUND,NOT_FOUND,یزد,بافق,بافق,بافق، خیابان امام خمینی، پلاک 106,NOT_FOUND,NOT_FOUND,09120000106,,VALID,MOBILE,NOT_FOUND,,OK,DISTRIBUTOR,DETERGENT,DETERGENT,1,1,,,NOT_FOUND,66,70,HIGH,ACTIVE,"{""address"": ""OK"", ""city"": ""OK"", ""county"": ""OK"", ""province"": ""OK"", ""name"": ""OK"", ""website"": ""NOT_FOUND"", ""owner_name"": ""NOT_FOUND""}",2026-10-07T04:03:30.742810,2026-10-07T04:05:41.448365,2026-10-07T04:05:41.451108,NO,YES,"{""band_label"": ""اعتبار بالا"", ""components"": {""source"": 70.0, ""corroboration"": 40.0, ""fields"": 82.0, ""phone"": 93.0}, ""penalties"": [], ""reasons"": [""بهترین منبع با اعتبار 0.70"", ""1 منبع مستقل تأییدکننده"", ""پیش‌شماره با شهر کسب‌وکار سازگار است"", ""شماره در بلوک مصنوعی تست قرار دارد""], ""independent_domains"": 1, ""observations"": 1}",پخش مواد شوينده صادقي . پخش مواد شوينده صادقي — پخش مواد شوینده، بافق، تلفن: 003-50000106 — همراه: 09120000106. آدرس: بافق، خیابان امام خمینی، پلاک 106
118,بازرگاني پخش مواد شوينده مرادي,NOT_FOUND,NOT_FOUND,یزد,بافق,بافق,بافق، خیابان ۲۲ بهمن، پلاک 149,NOT_FOUND,NOT_FOUND,09120000107,,VALID,MOBILE,NOT_FOUND,,OK,DISTRIBUTOR,DETERGENT,DETERGENT,2,1,,,NOT_FOUND,66,70,HIGH,ACTIVE,"{""address"": ""OK"", ""city"": ""OK"", ""county"": ""OK"", ""province"": ""OK"", ""name"": ""OK"", ""website"": ""NOT_FOUND"", ""owner_name"": ""NOT_FOUND""}",2026-10-07T04:03:30.748516,2026-10-07T04:05:42.220455,2026-10-07T04:05:42.223154,NO,YES,"{""band_label"": ""اعتبار بالا"", ""components"": {""source"": 70.0, ""corroboration"": 42.0, ""fields"": 82.0, ""phone"": 93.0}, ""penalties"": [], ""reasons"": [""بهترین منبع با اعتبار 0.70"", ""1 منبع مستقل تأییدکننده"", ""پیش‌شماره با شهر کسب‌وکار سازگار است"", ""شماره در بلوک مصنوعی تست قرار دارد""], ""independent_domains"": 1, ""observations"": 2}",بازرگاني پخش مواد شوينده مرادي . بازرگاني پخش مواد شوينده مرادي — پخش مواد شوینده، بافق، تلفن: 003-50000107 — همراه: 09120000107. آدرس: بافق، خیابان ۲۲ بهمن، پلاک 149
120,بازرگانی پخش مواد شوینده شریفی,NOT_FOUND,NOT_FOUND,اصفهان,نطنز,نطنز,نطنز، بلوار شهید بهشتی، پلاک 125,NOT_FOUND,NOT_FOUND,09120000203,,VALID,MOBILE,NOT_FOUND,,OK,DISTRIBUTOR,DETERGENT,DETERGENT,1,1,,,NOT_FOUND,66,70,HIGH,ACTIVE,"{""address"": ""OK"", ""city"": ""OK"", ""county"": ""OK"", ""province"": ""OK"", ""name"": ""OK"", ""website"": ""NOT_FOUND"", ""owner_name"": ""NOT_FOUND""}",2026-10-07T04:03:30.772747,2026-10-07T04:05:41.473205,2026-10-07T04:05:41.475211,NO,YES,"{""band_label"": ""اعتبار بالا"", ""components"": {""source"": 70.0, ""corroboration"": 40.0, ""fields"": 82.0, ""phone"": 93.0}, ""penalties"": [], ""reasons"": [""بهترین منبع با اعتبار 0.70"", ""1 منبع مستقل تأییدکننده"", ""پیش‌شماره با شهر کسب‌وکار سازگار است"", ""شماره در بلوک مصنوعی تست قرار دارد""], ""independent_domains"": 1, ""observations"": 1}",بازرگانی پخش مواد شوینده شریفی . بازرگانی پخش مواد شوینده شریفی — پخش مواد شوینده، نطنز، تلفن: 003-10000203 — همراه: 09120000203. آدرس: نطنز، بلوار شهید بهشتی، پلاک 125
124,عمده فروشی مواد شوینده قاسمی,NOT_FOUND,NOT_FOUND,لرستان,کوهدشت,کوهدشت,کوهدشت، خیابان طالقانی، پلاک 52,NOT_FOUND,NOT_FOUND,09120000247,,VALID,MOBILE,NOT_FOUND,,OK,WHOLESALER,DETERGENT,DETERGENT,1,1,,,NOT_FOUND,66,70,HIGH,ACTIVE,"{""address"": ""OK"", ""city"": ""OK"", ""county"": ""OK"", ""province"": ""OK"", ""name"": ""OK"", ""website"": ""NOT_FOUND"", ""owner_name"": ""NOT_FOUND""}",2026-10-07T04:03:31.397810,2026-10-07T04:05:41.480655,2026-10-07T04:05:41.483003,NO,YES,"{""band_label"": ""اعتبار بالا"", ""components"": {""source"": 70.0, ""corroboration"": 40.0, ""fields"": 82.0, ""phone"": 93.0}, ""penalties"": [], ""reasons"": [""بهترین منبع با اعتبار 0.70"", ""1 منبع مستقل تأییدکننده"", ""پیش‌شماره با شهر کسب‌وکار سازگار است"", ""شماره در بلوک مصنوعی تست قرار دارد""], ""independent_domains"": 1, ""observations"": 1}",عمده فروشی مواد شوینده قاسمی دسته: مواد شوینده | نوع: عمده فروشی تلفن: 006-60000247 همراه: 09120000247 آدرس: کوهدشت، خیابان طالقانی، پلاک 52
129,شرکت فروشگاه محصولات بهداشتي شريفي,NOT_FOUND,NOT_FOUND,یزد,بافق,بافق,بافق، خیابان طالقانی، پلاک 70,NOT_FOUND,NOT_FOUND,09120000121,,VALID,MOBILE,NOT_FOUND,,OK,RETAILER,HYGIENE,HYGIENE,1,1,,,NOT_FOUND,63,70,HIGH,ACTIVE,"{""address"": ""OK"", ""city"": ""OK"", ""county"": ""OK"", ""province"": ""OK"", ""name"": ""OK"", ""website"": ""NOT_FOUND"", ""owner_name"": ""NOT_FOUND""}",2026-10-07T04:03:33.377175,2026-10-07T04:05:43.873572,2026-10-07T04:05:43.876953,NO,YES,"{""band_label"": ""اعتبار بالا"", ""components"": {""source"": 70.0, ""corroboration"": 40.0, ""fields"": 82.0, ""phone"": 93.0}, ""penalties"": [], ""reasons"": [""بهترین منبع با اعتبار 0.70"", ""1 منبع مستقل تأییدکننده"", ""پیش‌شماره با شهر کسب‌وکار سازگار است"", ""شماره در بلوک مصنوعی تست قرار دارد""], ""independent_domains"": 1, ""observations"": 1}",شرکت فروشگاه محصولات بهداشتي شريفي . شرکت فروشگاه محصولات بهداشتي شريفي — فروشگاه محصولات بهداشتی، بافق، تلفن: 003-50000121 — همراه: 09120000121. آدرس: بافق، خیابان طالقانی، پلاک 70
130,شرکت فروشگاه محصولات بهداشتی نوری,NOT_FOUND,NOT_FOUND,یزد,بافق,بافق,بافق، میدان مرکزی، پلاک 121,NOT_FOUND,NOT_FOUND,09120000122,,VALID,MOBILE,NOT_FOUND,,OK,RETAILER,HYGIENE,HYGIENE,2,1,,,NOT_FOUND,63,70,HIGH,ACTIVE,"{""address"": ""OK"", ""city"": ""OK"", ""county"": ""OK"", ""province"": ""OK"", ""name"": ""OK"", ""website"": ""NOT_FOUND"", ""owner_name"": ""NOT_FOUND""}",2026-10-07T04:03:33.575880,2026-10-07T04:05:44.252781,2026-10-07T04:05:44.255276,NO,YES,"{""band_label"": ""اعتبار بالا"", ""components"": {""source"": 70.0, ""corroboration"": 42.0, ""fields"": 82.0, ""phone"": 93.0}, ""penalties"": [], ""reasons"": [""بهترین منبع با اعتبار 0.70"", ""1 منبع مستقل تأییدکننده"", ""پیش‌شماره با شهر کسب‌وکار سازگار است"", ""شماره در بلوک مصنوعی تست قرار دارد""], ""independent_domains"": 1, ""observations"": 2}",شرکت فروشگاه محصولات بهداشتی نوری . شرکت فروشگاه محصولات بهداشتی نوری — فروشگاه محصولات بهداشتی، بافق، تلفن: 003-50000122 — همراه: 09120000122. آدرس: بافق، میدان مرکزی، پلاک 121
132,پخش محصولات بهداشتی احمدی,NOT_FOUND,NOT_FOUND,یزد,بافق,بافق,بافق، کوی کارگران، پلاک 94,NOT_FOUND,NOT_FOUND,09120000118,,VALID,MOBILE,NOT_FOUND,,OK,DISTRIBUTOR,HYGIENE,HYGIENE,2,1,,,NOT_FOUND,63,70,HIGH,ACTIVE,"{""address"": ""OK"", ""city"": ""OK"", ""county"": ""OK"", ""province"": ""OK"", ""name"": ""OK"", ""website"": ""NOT_FOUND"", ""owner_name"": ""NOT_FOUND""}",2026-10-07T04:03:33.896322,2026-10-07T04:05:43.861013,2026-10-07T04:05:43.863220,NO,YES,"{""band_label"": ""اعتبار بالا"", ""components"": {""source"": 70.0, ""corroboration"": 42.0, ""fields"": 82.0, ""phone"": 93.0}, ""penalties"": [], ""reasons"": [""بهترین منبع با اعتبار 0.70"", ""1 منبع مستقل تأییدکننده"", ""پیش‌شماره با شهر کسب‌وکار سازگار است"", ""شماره در بلوک مصنوعی تست قرار دارد""], ""independent_domains"": 1, ""observations"": 2}",پخش محصولات بهداشتی احمدی دسته: محصولات بهداشتی | نوع: پخش تلفن: 003-50000118 همراه: 09120000118 آدرس: بافق، کوی کارگران، پلاک 94
133,بازرگانی پخش محصولات بهداشتی احمدی,NOT_FOUND,NOT_FOUND,یزد,بافق,بافق,بافق، خیابان ۲۲ بهمن، پلاک 42,NOT_FOUND,NOT_FOUND,09120000119,,VALID,MOBILE,NOT_FOUND,,OK,DISTRIBUTOR,HYGIENE,HYGIENE,2,1,,,NOT_FOUND,63,70,HIGH,ACTIVE,"{""address"": ""OK"", ""city"": ""OK"", ""county"": ""OK"", ""province"": ""OK"", ""name"": ""OK"", ""website"": ""NOT_FOUND"", ""owner_name"": ""NOT_FOUND""}",2026-10-07T04:03:34.108579,2026-10-07T04:05:43.865501,2026-10-07T04:05:43.867890,NO,YES,"{""band_label"": ""اعتبار بالا"", ""components"": {""source"": 70.0, ""corroboration"": 42.0, ""fields"": 82.0, ""phone"": 93.0}, ""penalties"": [], ""reasons"": [""بهترین منبع با اعتبار 0.70"", ""1 منبع مستقل تأییدکننده"", ""پیش‌شماره با شهر کسب‌وکار سازگار است"", ""شماره در بلوک مصنوعی تست قرار دارد""], ""independent_domains"": 1, ""observations"": 2}",بازرگانی پخش محصولات بهداشتی احمدی دسته: محصولات بهداشتی | نوع: پخش تلفن: 003-50000119 همراه: 09120000119 آدرس: بافق، خیابان ۲۲ بهمن، پلاک 42
136,شرکت فروشگاه لوازم آرایشی و بهداشتی موسوی,NOT_FOUND,NOT_FOUND,یزد,بافق,بافق,بافق، بلوار شهید بهشتی، پلاک 127,NOT_FOUND,NOT_FOUND,09120000133,,VALID,MOBILE,NOT_FOUND,,OK,RETAILER,COSMETIC,COSMETIC,2,1,,,NOT_FOUND,75,70,HIGH,ACTIVE,"{""address"": ""OK"", ""city"": ""OK"", ""county"": ""OK"", ""province"": ""OK"", ""name"": ""OK"", ""website"": ""NOT_FOUND"", ""owner_name"": ""NOT_FOUND""}",2026-10-07T04:03:34.652104,2026-10-07T04:05:43.826975,2026-10-07T04:05:43.829150,NO,YES,"{""band_label"": ""اعتبار بالا"", ""components"": {""source"": 70.0, ""corroboration"": 42.0, ""fields"": 82.0, ""phone"": 93.0}, ""penalties"": [], ""reasons"": [""بهترین منبع با اعتبار 0.70"", ""1 منبع مستقل تأییدکننده"", ""پیش‌شماره با شهر کسب‌وکار سازگار است"", ""شماره در بلوک مصنوعی تست قرار دارد""], ""independent_domains"": 1, ""observations"": 2}",شرکت فروشگاه لوازم آرایشی و بهداشتی موسوی . شرکت فروشگاه لوازم آرایشی و بهداشتی موسوی — فروشگاه لوازم آرایشی و بهداشتی، بافق، تلفن: 003-50000133 — همراه: 09120000133. آدرس: بافق، بلوار شهید بهشتی، پلاک 127
137,شرکت فروشگاه لوازم آرایشی و بهداشتی احمدی,NOT_FOUND,NOT_FOUND,یزد,بافق,بافق,بافق، خیابان امام خمینی، پلاک 41,NOT_FOUND,NOT_FOUND,"09120000134, 09120000136",,VALID,MOBILE,NOT_FOUND,,OK,RETAILER,COSMETIC,COSMETIC,2,1,,,NOT_FOUND,75,70,HIGH,ACTIVE,"{""address"": ""OK"", ""city"": ""OK"", ""county"": ""OK"", ""province"": ""OK"", ""name"": ""OK"", ""website"": ""NOT_FOUND"", ""owner_name"": ""NOT_FOUND""}",2026-10-07T04:03:34.843533,2026-10-07T04:05:43.831097,2026-10-07T04:05:44.968372,NO,YES,"{""band_label"": ""اعتبار بالا"", ""components"": {""source"": 70.0, ""corroboration"": 42.0, ""fields"": 82.0, ""phone"": 93.0}, ""penalties"": [], ""reasons"": [""بهترین منبع با اعتبار 0.70"", ""1 منبع مستقل تأییدکننده"", ""پیش‌شماره با شهر کسب‌وکار سازگار است"", ""شماره در بلوک مصنوعی تست قرار دارد""], ""independent_domains"": 1, ""observations"": 3}",شرکت فروشگاه لوازم آرایشی و بهداشتی احمدی . شرکت فروشگاه لوازم آرایشی و بهداشتی احمدی — فروشگاه لوازم آرایشی و بهداشتی، بافق، تلفن: 003-50000134 — همراه: 09120000134. آدرس: بافق، خیابان امام خمینی، پلاک 41
139,فروشگاه مواد شوینده نوری,NOT_FOUND,NOT_FOUND,اصفهان,نطنز,نطنز,نطنز، خیابان ۲۲ بهمن، پلاک 137,NOT_FOUND,NOT_FOUND,09120000208,,VALID,MOBILE,NOT_FOUND,,OK,RETAILER,DETERGENT,DETERGENT,1,1,,,NOT_FOUND,66,70,HIGH,ACTIVE,"{""address"": ""OK"", ""city"": ""OK"", ""county"": ""OK"", ""province"": ""OK"", ""name"": ""OK"", ""website"": ""NOT_FOUND"", ""owner_name"": ""NOT_FOUND""}",2026-10-07T04:03:35.109357,2026-10-07T04:05:40.025272,2026-10-07T04:05:40.027349,NO,YES,"{""band_label"": ""اعتبار بالا"", ""components"": {""source"": 70.0, ""corroboration"": 40.0, ""fields"": 82.0, ""phone"": 93.0}, ""penalties"": [], ""reasons"": [""بهترین منبع با اعتبار 0.70"", ""1 منبع مستقل تأییدکننده"", ""پیش‌شماره با شهر کسب‌وکار سازگار است"", ""شماره در بلوک مصنوعی تست قرار دارد""], ""independent_domains"": 1, ""observations"": 1}",فروشگاه مواد شوینده نوری . فروشگاه مواد شوینده نوری — فروشگاه مواد شوینده، نطنز، تلفن: 003-10000208 — همراه: 09120000208. آدرس: نطنز، خیابان ۲۲ بهمن، پلاک 137
140,شرکت پخش لوازم آرایشی و بهداشتی احمدی,NOT_FOUND,NOT_FOUND,یزد,بافق,بافق,بافق، بلوار شهید بهشتی، پلاک 127,NOT_FOUND,NOT_FOUND,09120000131,,VALID,MOBILE,NOT_FOUND,,OK,DISTRIBUTOR,COSMETIC,COSMETIC,2,1,,,NOT_FOUND,75,70,HIGH,ACTIVE,"{""address"": ""OK"", ""city"": ""OK"", ""county"": ""OK"", ""province"": ""OK"", ""name"": ""OK"", ""website"": ""NOT_FOUND"", ""owner_name"": ""NOT_FOUND""}",2026-10-07T04:03:35.134590,2026-10-07T04:05:43.817963,2026-10-07T04:05:43.820895,NO,YES,"{""band_label"": ""اعتبار بالا"", ""components"": {""source"": 70.0, ""corroboration"": 42.0, ""fields"": 82.0, ""phone"": 93.0}, ""penalties"": [], ""reasons"": [""بهترین منبع با اعتبار 0.70"", ""1 منبع مستقل تأییدکننده"", ""پیش‌شماره با شهر کسب‌وکار سازگار است"", ""شماره در بلوک مصنوعی تست قرار دارد""], ""independent_domains"": 1, ""observations"": 2}",شرکت پخش لوازم آرایشی و بهداشتی احمدی دسته: لوازم آرایشی و بهداشتی | نوع: پخش تلفن: 003-50000131 همراه: 09120000131 آدرس: بافق، بلوار شهید بهشتی، پلاک 127
142,شرکت فروشگاه مواد شوینده رحیمی,NOT_FOUND,NOT_FOUND,سیستان و بلوچستان,خاش,خاش,خاش، خیابان ۲۲ بهمن، پلاک 83,NOT_FOUND,NOT_FOUND,09120000349,,VALID,MOBILE,NOT_FOUND,,OK,RETAILER,DETERGENT,DETERGENT,1,1,,,NOT_FOUND,66,70,HIGH,ACTIVE,"{""address"": ""OK"", ""city"": ""OK"", ""county"": ""OK"", ""province"": ""OK"", ""name"": ""OK"", ""website"": ""NOT_FOUND"", ""owner_name"": ""NOT_FOUND""}",2026-10-07T04:03:36.621461,2026-10-07T04:05:24.258414,2026-10-07T04:05:24.260380,NO,YES,"{""band_label"": ""اعتبار بالا"", ""components"": {""source"": 70.0, ""corroboration"": 40.0, ""fields"": 82.0, ""phone"": 93.0}, ""penalties"": [], ""reasons"": [""بهترین منبع با اعتبار 0.70"", ""1 منبع مستقل تأییدکننده"", ""پیش‌شماره با شهر کسب‌وکار سازگار است"", ""شماره در بلوک مصنوعی تست قرار دارد""], ""independent_domains"": 1, ""observations"": 1}",شرکت فروشگاه مواد شوینده رحیمی . شرکت فروشگاه مواد شوینده رحیمی — فروشگاه مواد شوینده، خاش، تلفن: 005-40000349 — همراه: 09120000349. آدرس: خاش، خیابان ۲۲ بهمن، پلاک 83
145,فروشگاه مواد شوینده اکبری,NOT_FOUND,NOT_FOUND,سیستان و بلوچستان,خاش,خاش,خاش، بلوار معلم، پلاک 4,NOT_FOUND,NOT_FOUND,09120000352,,VALID,MOBILE,NOT_FOUND,,OK,RETAILER,DETERGENT,DETERGENT,1,1,,,NOT_FOUND,66,70,HIGH,ACTIVE,"{""address"": ""OK"", ""city"": ""OK"", ""county"": ""OK"", ""province"": ""OK"", ""name"": ""OK"", ""website"": ""NOT_FOUND"", ""owner_name"": ""NOT_FOUND""}",2026-10-07T04:03:36.981217,2026-10-07T04:05:24.269540,2026-10-07T04:05:24.271320,NO,YES,"{""band_label"": ""اعتبار بالا"", ""components"": {""source"": 70.0, ""corroboration"": 40.0, ""fields"": 82.0, ""phone"": 93.0}, ""penalties"": [], ""reasons"": [""بهترین منبع با اعتبار 0.70"", ""1 منبع مستقل تأییدکننده"", ""پیش‌شماره با شهر کسب‌وکار سازگار است"", ""شماره در بلوک مصنوعی تست قرار دارد""], ""independent_domains"": 1, ""observations"": 1}",فروشگاه مواد شوینده اکبری . فروشگاه مواد شوینده اکبری — فروشگاه مواد شوینده، خاش، تلفن: 005-40000352 — همراه: 09120000352. آدرس: خاش، بلوار معلم، پلاک 4
146,بازرگانی فروشگاه مواد شوینده شریفی,NOT_FOUND,NOT_FOUND,لرستان,کوهدشت,کوهدشت,کوهدشت، میدان مرکزی، پلاک 110,NOT_FOUND,NOT_FOUND,09120000253,,VALID,MOBILE,NOT_FOUND,,OK,RETAILER,DETERGENT,DETERGENT,2,1,,,NOT_FOUND,66,70,HIGH,ACTIVE,"{""address"": ""OK"", ""city"": ""OK"", ""county"": ""OK"", ""province"": ""OK"", ""name"": ""OK"", ""website"": ""NOT_FOUND"", ""owner_name"": ""NOT_FOUND""}",2026-10-07T04:03:37.495405,2026-10-07T04:05:41.484807,2026-10-07T04:05:41.486988,NO,YES,"{""band_label"": ""اعتبار بالا"", ""components"": {""source"": 70.0, ""corroboration"": 42.0, ""fields"": 82.0, ""phone"": 93.0}, ""penalties"": [], ""reasons"": [""بهترین منبع با اعتبار 0.70"", ""1 منبع مستقل تأییدکننده"", ""پیش‌شماره با شهر کسب‌وکار سازگار است"", ""شماره در بلوک مصنوعی تست قرار دارد""], ""independent_domains"": 1, ""observations"": 2}",بازرگانی فروشگاه مواد شوینده شریفی . بازرگانی فروشگاه مواد شوینده شریفی — فروشگاه مواد شوینده، کوهدشت، تلفن: 006-60000253 — همراه: 09120000253. آدرس: کوهدشت، میدان مرکزی، پلاک 110
147,بازرگاني فروشگاه مواد شوينده زماني,NOT_FOUND,NOT_FOUND,لرستان,کوهدشت,کوهدشت,کوهدشت، خیابان طالقانی، پلاک 20,NOT_FOUND,NOT_FOUND,09120000256,,VALID,MOBILE,NOT_FOUND,,OK,RETAILER,DETERGENT,DETERGENT,2,1,,,NOT_FOUND,66,70,HIGH,ACTIVE,"{""address"": ""OK"", ""city"": ""OK"", ""county"": ""OK"", ""province"": ""OK"", ""name"": ""OK"", ""website"": ""NOT_FOUND"", ""owner_name"": ""NOT_FOUND""}",2026-10-07T04:03:37.705915,2026-10-07T04:05:41.488829,2026-10-07T04:05:41.490991,NO,YES,"{""band_label"": ""اعتبار بالا"", ""components"": {""source"": 70.0, ""corroboration"": 42.0, ""fields"": 82.0, ""phone"": 93.0}, ""penalties"": [], ""reasons"": [""بهترین منبع با اعتبار 0.70"", ""1 منبع مستقل تأییدکننده"", ""پیش‌شماره با شهر کسب‌وکار سازگار است"", ""شماره در بلوک مصنوعی تست قرار دارد""], ""independent_domains"": 1, ""observations"": 2}",بازرگاني فروشگاه مواد شوينده زماني . بازرگاني فروشگاه مواد شوينده زماني — فروشگاه مواد شوینده، کوهدشت، تلفن: 006-60000256 — همراه: 09120000256. آدرس: کوهدشت، خیابان طالقانی، پلاک 20
149,بازرگانی عمده فروشی مواد شوینده کاظمی,NOT_FOUND,NOT_FOUND,گلستان,بندرگز,بندرگز,بندر گز، بلوار معلم، پلاک 8,NOT_FOUND,NOT_FOUND,09120000293,,VALID,MOBILE,NOT_FOUND,,OK,WHOLESALER,DETERGENT,DETERGENT,2,1,,,NOT_FOUND,66,70,HIGH,ACTIVE,"{""address"": ""OK"", ""city"": ""OK"", ""county"": ""OK"", ""province"": ""OK"", ""name"": ""OK"", ""website"": ""NOT_FOUND"", ""owner_name"": ""NOT_FOUND""}",2026-10-07T04:03:38.745388,2026-10-07T04:05:29.888152,2026-10-07T04:05:29.890010,NO,YES,"{""band_label"": ""اعتبار بالا"", ""components"": {""source"": 70.0, ""corroboration"": 42.0, ""fields"": 82.0, ""phone"": 93.0}, ""penalties"": [], ""reasons"": [""بهترین منبع با اعتبار 0.70"", ""1 منبع مستقل تأییدکننده"", ""پیش‌شماره با شهر کسب‌وکار سازگار است"", ""شماره در بلوک مصنوعی تست قرار دارد""], ""independent_domains"": 1, ""observations"": 2}",بازرگانی عمده فروشی مواد شوینده کاظمی دسته: مواد شوینده | نوع: عمده فروشی تلفن: 001-70000293 همراه: 09120000293 آدرس: بندر گز، بلوار معلم، پلاک 8
152,فروشگاه مواد شوینده موسوی,NOT_FOUND,NOT_FOUND,گلستان,بندرگز,بندرگز,بندر گز، کوی کارگران، پلاک 72,NOT_FOUND,NOT_FOUND,09120000301,,VALID,MOBILE,NOT_FOUND,,OK,RETAILER,DETERGENT,DETERGENT,2,1,,,NOT_FOUND,66,70,HIGH,ACTIVE,"{""address"": ""OK"", ""city"": ""OK"", ""county"": ""OK"", ""province"": ""OK"", ""name"": ""OK"", ""website"": ""NOT_FOUND"", ""owner_name"": ""NOT_FOUND""}",2026-10-07T04:03:38.964250,2026-10-07T04:05:35.669832,2026-10-07T04:05:35.672050,NO,YES,"{""band_label"": ""اعتبار بالا"", ""components"": {""source"": 70.0, ""corroboration"": 42.0, ""fields"": 82.0, ""phone"": 93.0}, ""penalties"": [], ""reasons"": [""بهترین منبع با اعتبار 0.70"", ""1 منبع مستقل تأییدکننده"", ""پیش‌شماره با شهر کسب‌وکار سازگار است"", ""شماره در بلوک مصنوعی تست قرار دارد""], ""independent_domains"": 1, ""observations"": 2}",فروشگاه مواد شوینده موسوی دسته: مواد شوینده | نوع: فروشگاه تلفن: 001-70000301 همراه: 09120000301 آدرس: بندر گز، کوی کارگران، پلاک 72
154,عمده فروشی محصولات بهداشتی حسینی,NOT_FOUND,NOT_FOUND,گلستان,بندرگز,بندرگز,بندر گز، بلوار معلم، پلاک 100,NOT_FOUND,NOT_FOUND,09120000307,,VALID,MOBILE,NOT_FOUND,,OK,WHOLESALER,HYGIENE,HYGIENE,1,1,,,NOT_FOUND,63,70,HIGH,ACTIVE,"{""address"": ""OK"", ""city"": ""OK"", ""county"": ""OK"", ""province"": ""OK"", ""name"": ""OK"", ""website"": ""NOT_FOUND"", ""owner_name"": ""NOT_FOUND""}",2026-10-07T04:03:40.282468,2026-10-07T04:03:40.283890,2026-10-07T04:03:40.285942,NO,YES,"{""band_label"": ""اعتبار بالا"", ""components"": {""source"": 70.0, ""corroboration"": 40.0, ""fields"": 82.0, ""phone"": 93.0}, ""penalties"": [], ""reasons"": [""بهترین منبع با اعتبار 0.70"", ""1 منبع مستقل تأییدکننده"", ""پیش‌شماره با شهر کسب‌وکار سازگار است"", ""شماره در بلوک مصنوعی تست قرار دارد""], ""independent_domains"": 1, ""observations"": 1}",عمده فروشی محصولات بهداشتی حسینی دسته: محصولات بهداشتی | نوع: عمده فروشی تلفن: 001-70000307 همراه: 09120000307 آدرس: بندر گز، بلوار معلم، پلاک 100
155,عمده فروشی محصولات بهداشتی مرادی,NOT_FOUND,NOT_FOUND,گلستان,بندرگز,بندرگز,بندر گز، میدان مرکزی، پلاک 185,NOT_FOUND,NOT_FOUND,09120000308,,VALID,MOBILE,NOT_FOUND,,OK,WHOLESALER,HYGIENE,HYGIENE,2,1,,,NOT_FOUND,63,70,HIGH,ACTIVE,"{""address"": ""OK"", ""city"": ""OK"", ""county"": ""OK"", ""province"": ""OK"", ""name"": ""OK"", ""website"": ""NOT_FOUND"", ""owner_name"": ""NOT_FOUND""}",2026-10-07T04:03:40.287320,2026-10-07T04:05:40.880763,2026-10-07T04:05:40.883025,NO,YES,"{""band_label"": ""اعتبار بالا"", ""components"": {""source"": 70.0, ""corroboration"": 42.0, ""fields"": 82.0, ""phone"": 93.0}, ""penalties"": [], ""reasons"": [""بهترین منبع با اعتبار 0.70"", ""1 منبع مستقل تأییدکننده"", ""پیش‌شماره با شهر کسب‌وکار سازگار است"", ""شماره در بلوک مصنوعی تست قرار دارد""], ""independent_domains"": 1, ""observations"": 2}",عمده فروشی محصولات بهداشتی مرادی دسته: محصولات بهداشتی | نوع: عمده فروشی تلفن: 001-70000308 همراه: 09120000308 آدرس: بندر گز، میدان مرکزی، پلاک 185
159,شرکت فروشگاه مواد شوینده قاسمی,NOT_FOUND,NOT_FOUND,گلستان,بندرگز,بندرگز,بندر گز، خیابان امام خمینی، پلاک 164,NOT_FOUND,NOT_FOUND,09120000302,,VALID,MOBILE,NOT_FOUND,,OK,RETAILER,DETERGENT,DETERGENT,1,1,,,NOT_FOUND,66,70,HIGH,ACTIVE,"{""address"": ""OK"", ""city"": ""OK"", ""county"": ""OK"", ""province"": ""OK"", ""name"": ""OK"", ""website"": ""NOT_FOUND"", ""owner_name"": ""NOT_FOUND""}",2026-10-07T04:03:42.970965,2026-10-07T04:05:21.455374,2026-10-07T04:05:21.457894,NO,YES,"{""band_label"": ""اعتبار بالا"", ""components"": {""source"": 70.0, ""corroboration"": 40.0, ""fields"": 82.0, ""phone"": 93.0}, ""penalties"": [], ""reasons"": [""بهترین منبع با اعتبار 0.70"", ""1 منبع مستقل تأییدکننده"", ""پیش‌شماره با شهر کسب‌وکار سازگار است"", ""شماره در بلوک مصنوعی تست قرار دارد""], ""independent_domains"": 1, ""observations"": 1}",شرکت فروشگاه مواد شوینده قاسمی . شرکت فروشگاه مواد شوینده قاسمی — فروشگاه مواد شوینده، بندر گز، تلفن: 001-70000302 — همراه: 09120000302. آدرس: بندر گز، خیابان امام خمینی، پلاک 164
161,فروشگاه مواد شوینده رضایی,NOT_FOUND,NOT_FOUND,گلستان,بندرگز,بندرگز,بندر گز، خیابان امام خمینی، پلاک 64,NOT_FOUND,NOT_FOUND,"09120000304, 09120000206",,VALID,MOBILE,NOT_FOUND,,OK,RETAILER,DETERGENT,DETERGENT,2,1,,,NOT_FOUND,66,70,HIGH,ACTIVE,"{""address"": ""OK"", ""city"": ""OK"", ""county"": ""OK"", ""province"": ""OK"", ""name"": ""OK"", ""website"": ""NOT_FOUND"", ""owner_name"": ""NOT_FOUND""}",2026-10-07T04:03:43.214183,2026-10-07T04:05:16.828218,2026-10-07T04:05:44.972937,NO,YES,"{""band_label"": ""اعتبار بالا"", ""components"": {""source"": 70.0, ""corroboration"": 40.0, ""fields"": 82.0, ""phone"": 93.0}, ""penalties"": [], ""reasons"": [""بهترین منبع با اعتبار 0.70"", ""1 منبع مستقل تأییدکننده"", ""پیش‌شماره با شهر کسب‌وکار سازگار است"", ""شماره در بلوک مصنوعی تست قرار دارد""], ""independent_domains"": 1, ""observations"": 2}",فروشگاه مواد شوینده رضایی . فروشگاه مواد شوینده رضایی — فروشگاه مواد شوینده، بندر گز، تلفن: 001-70000304 — همراه: 09120000304. آدرس: بندر گز، خیابان امام خمینی، پلاک 64
162,شرکت پخش لوازم آرایشی و بهداشتی صادقی,NOT_FOUND,NOT_FOUND,گلستان,بندرگز,بندرگز,بندر گز، خیابان ۲۲ بهمن، پلاک 127,NOT_FOUND,NOT_FOUND,09120000323,,VALID,MOBILE,NOT_FOUND,,OK,DISTRIBUTOR,COSMETIC,COSMETIC,2,1,,,NOT_FOUND,75,70,HIGH,ACTIVE,"{""address"": ""OK"", ""city"": ""OK"", ""county"": ""OK"", ""province"": ""OK"", ""name"": ""OK"", ""website"": ""NOT_FOUND"", ""owner_name"": ""NOT_FOUND""}",2026-10-07T04:03:55.950021,2026-10-07T04:05:23.391307,2026-10-07T04:05:23.393115,NO,YES,"{""band_label"": ""اعتبار بالا"", ""components"": {""source"": 70.0, ""corroboration"": 42.0, ""fields"": 82.0, ""phone"": 93.0}, ""penalties"": [], ""reasons"": [""بهترین منبع با اعتبار 0.70"", ""1 منبع مستقل تأییدکننده"", ""پیش‌شماره با شهر کسب‌وکار سازگار است"", ""شماره در بلوک مصنوعی تست قرار دارد""], ""independent_domains"": 1, ""observations"": 2}",شرکت پخش لوازم آرایشی و بهداشتی صادقی دسته: لوازم آرایشی و بهداشتی | نوع: پخش تلفن: 001-70000323 همراه: 09120000323 آدرس: بندر گز، خیابان ۲۲ بهمن، پلاک 127
164,فروشگاه لوازم آرایشی و بهداشتی زمانی,NOT_FOUND,NOT_FOUND,گلستان,بندرگز,بندرگز,بندر گز، خیابان ۲۲ بهمن، پلاک 185,NOT_FOUND,NOT_FOUND,09120000326,,VALID,MOBILE,NOT_FOUND,,OK,RETAILER,COSMETIC,COSMETIC,2,1,,,NOT_FOUND,75,70,HIGH,ACTIVE,"{""address"": ""OK"", ""city"": ""OK"", ""county"": ""OK"", ""province"": ""OK"", ""name"": ""OK"", ""website"": ""NOT_FOUND"", ""owner_name"": ""NOT_FOUND""}",2026-10-07T04:03:56.308217,2026-10-07T04:05:36.868269,2026-10-07T04:05:36.870805,NO,YES,"{""band_label"": ""اعتبار بالا"", ""components"": {""source"": 70.0, ""corroboration"": 42.0, ""fields"": 82.0, ""phone"": 93.0}, ""penalties"": [], ""reasons"": [""بهترین منبع با اعتبار 0.70"", ""1 منبع مستقل تأییدکننده"", ""پیش‌شماره با شهر کسب‌وکار سازگار است"", ""شماره در بلوک مصنوعی تست قرار دارد""], ""independent_domains"": 1, ""observations"": 2}",فروشگاه لوازم آرایشی و بهداشتی زمانی دسته: لوازم آرایشی و بهداشتی | نوع: فروشگاه تلفن: 001-70000326 همراه: 09120000326 آدرس: بندر گز، خیابان ۲۲ بهمن، پلاک 185
166,عمده فروشی لوازم آرایشی و بهداشتی زمانی,NOT_FOUND,NOT_FOUND,گلستان,بندرگز,بندرگز,بندر گز، میدان مرکزی، پلاک 52,NOT_FOUND,NOT_FOUND,09120000317,,VALID,MOBILE,NOT_FOUND,,OK,WHOLESALER,COSMETIC,COSMETIC,1,1,,,NOT_FOUND,75,70,HIGH,ACTIVE,"{""address"": ""OK"", ""city"": ""OK"", ""county"": ""OK"", ""province"": ""OK"", ""name"": ""OK"", ""website"": ""NOT_FOUND"", ""owner_name"": ""NOT_FOUND""}",2026-10-07T04:03:57.895788,2026-10-07T04:05:42.648163,2026-10-07T04:05:42.649879,NO,YES,"{""band_label"": ""اعتبار بالا"", ""components"": {""source"": 70.0, ""corroboration"": 40.0, ""fields"": 82.0, ""phone"": 93.0}, ""penalties"": [], ""reasons"": [""بهترین منبع با اعتبار 0.70"", ""1 منبع مستقل تأییدکننده"", ""پیش‌شماره با شهر کسب‌وکار سازگار است"", ""شماره در بلوک مصنوعی تست قرار دارد""], ""independent_domains"": 1, ""observations"": 1}",عمده فروشی لوازم آرایشی و بهداشتی زمانی . عمده فروشی لوازم آرایشی و بهداشتی زمانی — عمده فروشی لوازم آرایشی و بهداشتی، بندر گز، تلفن: 001-70000317 — همراه: 09120000317. آدرس: بندر گز، میدان مرکزی، پلاک 52
167,عمده فروشی لوازم آرایشی و بهداشتی بهرامی,NOT_FOUND,NOT_FOUND,گلستان,بندرگز,بندرگز,بندر گز، بلوار شهید بهشتی، پلاک 8,NOT_FOUND,NOT_FOUND,09120000319,,VALID,MOBILE,NOT_FOUND,,OK,WHOLESALER,COSMETIC,COSMETIC,2,1,,,NOT_FOUND,75,70,HIGH,ACTIVE,"{""address"": ""OK"", ""city"": ""OK"", ""county"": ""OK"", ""province"": ""OK"", ""name"": ""OK"", ""website"": ""NOT_FOUND"", ""owner_name"": ""NOT_FOUND""}",2026-10-07T04:03:58.087913,2026-10-07T04:05:42.651437,2026-10-07T04:05:42.653465,NO,YES,"{""band_label"": ""اعتبار بالا"", ""components"": {""source"": 70.0, ""corroboration"": 42.0, ""fields"": 82.0, ""phone"": 93.0}, ""penalties"": [], ""reasons"": [""بهترین منبع با اعتبار 0.70"", ""1 منبع مستقل تأییدکننده"", ""پیش‌شماره با شهر کسب‌وکار سازگار است"", ""شماره در بلوک مصنوعی تست قرار دارد""], ""independent_domains"": 1, ""observations"": 2}",عمده فروشی لوازم آرایشی و بهداشتی بهرامی . عمده فروشی لوازم آرایشی و بهداشتی بهرامی — عمده فروشی لوازم آرایشی و بهداشتی، بندر گز، تلفن: 001-70000319 — همراه: 09120000319. آدرس: بندر گز، بلوار شهید بهشتی، پلاک 8
169,پخش لوازم آرایشی و بهداشتی رحیمی,NOT_FOUND,NOT_FOUND,گلستان,بندرگز,بندرگز,بندر گز، خیابان امام خمینی، پلاک 122,NOT_FOUND,NOT_FOUND,09120000322,,VALID,MOBILE,NOT_FOUND,,OK,DISTRIBUTOR,COSMETIC,COSMETIC,1,1,,,NOT_FOUND,75,70,HIGH,ACTIVE,"{""address"": ""OK"", ""city"": ""OK"", ""county"": ""OK"", ""province"": ""OK"", ""name"": ""OK"", ""website"": ""NOT_FOUND"", ""owner_name"": ""NOT_FOUND""}",2026-10-07T04:03:58.369245,2026-10-07T04:04:49.487301,2026-10-07T04:04:49.489556,NO,YES,"{""band_label"": ""اعتبار بالا"", ""components"": {""source"": 70.0, ""corroboration"": 40.0, ""fields"": 82.0, ""phone"": 93.0}, ""penalties"": [], ""reasons"": [""بهترین منبع با اعتبار 0.70"", ""1 منبع مستقل تأییدکننده"", ""پیش‌شماره با شهر کسب‌وکار سازگار است"", ""شماره در بلوک مصنوعی تست قرار دارد""], ""independent_domains"": 1, ""observations"": 1}",پخش لوازم آرایشی و بهداشتی رحیمی دسته: لوازم آرایشی و بهداشتی | نوع: پخش تلفن: 001-70000322 همراه: 09120000322 آدرس: بندر گز، خیابان امام خمینی، پلاک 122
171,بازرگانی پخش محصولات بهداشتی مرادی,NOT_FOUND,NOT_FOUND,گلستان,بندرگز,بندرگز,بندر گز، بلوار معلم، پلاک 61,NOT_FOUND,NOT_FOUND,09120000311,,VALID,MOBILE,NOT_FOUND,,OK,DISTRIBUTOR,HYGIENE,HYGIENE,2,1,,,NOT_FOUND,63,70,HIGH,ACTIVE,"{""address"": ""OK"", ""city"": ""OK"", ""county"": ""OK"", ""province"": ""OK"", ""name"": ""OK"", ""website"": ""NOT_FOUND"", ""owner_name"": ""NOT_FOUND""}",2026-10-07T04:04:14.568478,2026-10-07T04:05:41.587625,2026-10-07T04:05:41.589722,NO,YES,"{""band_label"": ""اعتبار بالا"", ""components"": {""source"": 70.0, ""corroboration"": 42.0, ""fields"": 82.0, ""phone"": 93.0}, ""penalties"": [], ""reasons"": [""بهترین منبع با اعتبار 0.70"", ""1 منبع مستقل تأییدکننده"", ""پیش‌شماره با شهر کسب‌وکار سازگار است"", ""شماره در بلوک مصنوعی تست قرار دارد""], ""independent_domains"": 1, ""observations"": 2}",بازرگانی پخش محصولات بهداشتی مرادی دسته: محصولات بهداشتی | نوع: پخش تلفن: 001-70000311 همراه: 09120000311 آدرس: بندر گز، بلوار معلم، پلاک 61
172,فروشگاه محصولات بهداشتی شریفی,NOT_FOUND,NOT_FOUND,گلستان,بندرگز,بندرگز,بندر گز، خیابان ۲۲ بهمن، پلاک 185,NOT_FOUND,NOT_FOUND,09120000314,,VALID,MOBILE,NOT_FOUND,,OK,RETAILER,HYGIENE,HYGIENE,1,1,,,NOT_FOUND,63,70,HIGH,ACTIVE,"{""address"": ""OK"", ""city"": ""OK"", ""county"": ""OK"", ""province"": ""OK"", ""name"": ""OK"", ""website"": ""NOT_FOUND"", ""owner_name"": ""NOT_FOUND""}",2026-10-07T04:04:14.734107,2026-10-07T04:04:54.456039,2026-10-07T04:04:54.458266,NO,YES,"{""band_label"": ""اعتبار بالا"", ""components"": {""source"": 70.0, ""corroboration"": 40.0, ""fields"": 82.0, ""phone"": 93.0}, ""penalties"": [], ""reasons"": [""بهترین منبع با اعتبار 0.70"", ""1 منبع مستقل تأییدکننده"", ""پیش‌شماره با شهر کسب‌وکار سازگار است"", ""شماره در بلوک مصنوعی تست قرار دارد""], ""independent_domains"": 1, ""observations"": 1}",فروشگاه محصولات بهداشتی شریفی دسته: محصولات بهداشتی | نوع: فروشگاه تلفن: 001-70000314 همراه: 09120000314 آدرس: بندر گز، خیابان ۲۲ بهمن، پلاک 185
173,شرکت فروشگاه محصولات بهداشتی حسینی,NOT_FOUND,NOT_FOUND,گلستان,بندرگز,بندرگز,بندر گز، بلوار معلم، پلاک 23,NOT_FOUND,NOT_FOUND,09120000316,,VALID,MOBILE,NOT_FOUND,,OK,RETAILER,HYGIENE,HYGIENE,1,1,,,NOT_FOUND,63,70,HIGH,ACTIVE,"{""address"": ""OK"", ""city"": ""OK"", ""county"": ""OK"", ""province"": ""OK"", ""name"": ""OK"", ""website"": ""NOT_FOUND"", ""owner_name"": ""NOT_FOUND""}",2026-10-07T04:04:14.743870,2026-10-07T04:04:54.463876,2026-10-07T04:04:54.466432,NO,YES,"{""band_label"": ""اعتبار بالا"", ""components"": {""source"": 70.0, ""corroboration"": 40.0, ""fields"": 82.0, ""phone"": 93.0}, ""penalties"": [], ""reasons"": [""بهترین منبع با اعتبار 0.70"", ""1 منبع مستقل تأییدکننده"", ""پیش‌شماره با شهر کسب‌وکار سازگار است"", ""شماره در بلوک مصنوعی تست قرار دارد""], ""independent_domains"": 1, ""observations"": 1}",شرکت فروشگاه محصولات بهداشتی حسینی دسته: محصولات بهداشتی | نوع: فروشگاه تلفن: 001-70000316 همراه: 09120000316 آدرس: بندر گز، بلوار معلم، پلاک 23
175,شرکت پخش مواد شوینده رحیمی,NOT_FOUND,NOT_FOUND,سمنان,مهدی شهر,مهدی شهر,مهدی شهر، خیابان طالقانی، پلاک 39,NOT_FOUND,NOT_FOUND,09120000154,,VALID,MOBILE,NOT_FOUND,,OK,DISTRIBUTOR,DETERGENT,DETERGENT,1,1,,,NOT_FOUND,66,70,HIGH,ACTIVE,"{""address"": ""OK"", ""city"": ""OK"", ""county"": ""OK"", ""province"": ""OK"", ""name"": ""OK"", ""website"": ""NOT_FOUND"", ""owner_name"": ""NOT_FOUND""}",2026-10-07T04:04:35.968695,2026-10-07T04:05:42.308939,2026-10-07T04:05:42.311190,NO,YES,"{""band_label"": ""اعتبار بالا"", ""components"": {""source"": 70.0, ""corroboration"": 40.0, ""fields"": 82.0, ""phone"": 93.0}, ""penalties"": [], ""reasons"": [""بهترین منبع با اعتبار 0.70"", ""1 منبع مستقل تأییدکننده"", ""پیش‌شماره با شهر کسب‌وکار سازگار است"", ""شماره در بلوک مصنوعی تست قرار دارد""], ""independent_domains"": 1, ""observations"": 1}",شرکت پخش مواد شوینده رحیمی . شرکت پخش مواد شوینده رحیمی — پخش مواد شوینده، مهدی شهر، تلفن: 002-30000154 — همراه: 09120000154. آدرس: مهدی شهر، خیابان طالقانی، پلاک 39
177,شرکت فروشگاه مواد شوینده اکبری,NOT_FOUND,NOT_FOUND,یزد,بافق,بافق,بافق، بلوار شهید بهشتی، پلاک 19,NOT_FOUND,NOT_FOUND,09120000109,,VALID,MOBILE,NOT_FOUND,,OK,RETAILER,DETERGENT,DETERGENT,1,1,,,NOT_FOUND,66,70,HIGH,ACTIVE,"{""address"": ""OK"", ""city"": ""OK"", ""county"": ""OK"", ""province"": ""OK"", ""name"": ""OK"", ""website"": ""NOT_FOUND"", ""owner_name"": ""NOT_FOUND""}",2026-10-07T04:04:36.022728,2026-10-07T04:05:42.271870,2026-10-07T04:05:42.274564,NO,YES,"{""band_label"": ""اعتبار بالا"", ""components"": {""source"": 70.0, ""corroboration"": 40.0, ""fields"": 82.0, ""phone"": 93.0}, ""penalties"": [], ""reasons"": [""بهترین منبع با اعتبار 0.70"", ""1 منبع مستقل تأییدکننده"", ""پیش‌شماره با شهر کسب‌وکار سازگار است"", ""شماره در بلوک مصنوعی تست قرار دارد""], ""independent_domains"": 1, ""observations"": 1}",شرکت فروشگاه مواد شوینده اکبری . شرکت فروشگاه مواد شوینده اکبری — فروشگاه مواد شوینده، بافق، تلفن: 003-50000109 — همراه: 09120000109. آدرس: بافق، بلوار شهید بهشتی، پلاک 19
178,بازرگانی فروشگاه مواد شوینده احمدی,NOT_FOUND,NOT_FOUND,یزد,بافق,بافق,بافق، خیابان ۲۲ بهمن، پلاک 126,NOT_FOUND,NOT_FOUND,09120000112,,VALID,MOBILE,NOT_FOUND,,OK,RETAILER,DETERGENT,DETERGENT,1,1,,,NOT_FOUND,66,70,HIGH,ACTIVE,"{""address"": ""OK"", ""city"": ""OK"", ""county"": ""OK"", ""province"": ""OK"", ""name"": ""OK"", ""website"": ""NOT_FOUND"", ""owner_name"": ""NOT_FOUND""}",2026-10-07T04:04:36.036502,2026-10-07T04:05:42.285316,2026-10-07T04:05:42.287896,NO,YES,"{""band_label"": ""اعتبار بالا"", ""components"": {""source"": 70.0, ""corroboration"": 40.0, ""fields"": 82.0, ""phone"": 93.0}, ""penalties"": [], ""reasons"": [""بهترین منبع با اعتبار 0.70"", ""1 منبع مستقل تأییدکننده"", ""پیش‌شماره با شهر کسب‌وکار سازگار است"", ""شماره در بلوک مصنوعی تست قرار دارد""], ""independent_domains"": 1, ""observations"": 1}",بازرگانی فروشگاه مواد شوینده احمدی . بازرگانی فروشگاه مواد شوینده احمدی — فروشگاه مواد شوینده، بافق، تلفن: 003-50000112 — همراه: 09120000112. آدرس: بافق، خیابان ۲۲ بهمن، پلاک 126
179,شرکت فروشگاه محصولات بهداشتي احمدي,NOT_FOUND,NOT_FOUND,سمنان,مهدی شهر,مهدی شهر,مهدی شهر، خیابان بازار، پلاک 130,NOT_FOUND,NOT_FOUND,09120000172,,VALID,MOBILE,NOT_FOUND,,OK,RETAILER,HYGIENE,HYGIENE,1,1,,,NOT_FOUND,63,70,HIGH,ACTIVE,"{""address"": ""OK"", ""city"": ""OK"", ""county"": ""OK"", ""province"": ""OK"", ""name"": ""OK"", ""website"": ""NOT_FOUND"", ""owner_name"": ""NOT_FOUND""}",2026-10-07T04:04:36.175567,2026-10-07T04:05:44.212639,2026-10-07T04:05:44.214945,NO,YES,"{""band_label"": ""اعتبار بالا"", ""components"": {""source"": 70.0, ""corroboration"": 40.0, ""fields"": 82.0, ""phone"": 93.0}, ""penalties"": [], ""reasons"": [""بهترین منبع با اعتبار 0.70"", ""1 منبع مستقل تأییدکننده"", ""پیش‌شماره با شهر کسب‌وکار سازگار است"", ""شماره در بلوک مصنوعی تست قرار دارد""], ""independent_domains"": 1, ""observations"": 1}",شرکت فروشگاه محصولات بهداشتي احمدي . شرکت فروشگاه محصولات بهداشتي احمدي — فروشگاه محصولات بهداشتی، مهدی شهر، تلفن: 002-30000172 — همراه: 09120000172. آدرس: مهدی شهر، خیابان بازار، پلاک 130
182,فروشگاه محصولات بهداشتي رضايي,NOT_FOUND,NOT_FOUND,یزد,بافق,بافق,بافق، میدان مرکزی، پلاک 149,NOT_FOUND,NOT_FOUND,09120000124,,VALID,MOBILE,NOT_FOUND,,OK,RETAILER,HYGIENE,HYGIENE,1,1,,,NOT_FOUND,63,70,HIGH,ACTIVE,"{""address"": ""OK"", ""city"": ""OK"", ""county"": ""OK"", ""province"": ""OK"", ""name"": ""OK"", ""website"": ""NOT_FOUND"", ""owner_name"": ""NOT_FOUND""}",2026-10-07T04:04:36.423147,2026-10-07T04:05:44.257374,2026-10-07T04:05:44.259947,NO,YES,"{""band_label"": ""اعتبار بالا"", ""components"": {""source"": 70.0, ""corroboration"": 40.0, ""fields"": 82.0, ""phone"": 93.0}, ""penalties"": [], ""reasons"": [""بهترین منبع با اعتبار 0.70"", ""1 منبع مستقل تأییدکننده"", ""پیش‌شماره با شهر کسب‌وکار سازگار است"", ""شماره در بلوک مصنوعی تست قرار دارد""], ""independent_domains"": 1, ""observations"": 1}",فروشگاه محصولات بهداشتي رضايي . فروشگاه محصولات بهداشتي رضايي — فروشگاه محصولات بهداشتی، بافق، تلفن: 003-50000124 — همراه: 09120000124. آدرس: بافق، میدان مرکزی، پلاک 149
184,فروشگاه مواد شوینده احمدی,NOT_FOUND,NOT_FOUND,لرستان,کوهدشت,کوهدشت,کوهدشت، بلوار شهید بهشتی، پلاک 44,NOT_FOUND,NOT_FOUND,09120000254,,VALID,MOBILE,NOT_FOUND,,OK,RETAILER,DETERGENT,DETERGENT,1,1,,,NOT_FOUND,66,70,HIGH,ACTIVE,"{""address"": ""OK"", ""city"": ""OK"", ""county"": ""OK"", ""province"": ""OK"", ""name"": ""OK"", ""website"": ""NOT_FOUND"", ""owner_name"": ""NOT_FOUND""}",2026-10-07T04:04:36.868537,2026-10-07T04:05:40.607485,2026-10-07T04:05:40.610506,NO,YES,"{""band_label"": ""اعتبار بالا"", ""components"": {""source"": 70.0, ""corroboration"": 40.0, ""fields"": 82.0, ""phone"": 93.0}, ""penalties"": [], ""reasons"": [""بهترین منبع با اعتبار 0.70"", ""1 منبع مستقل تأییدکننده"", ""پیش‌شماره با شهر کسب‌وکار سازگار است"", ""شماره در بلوک مصنوعی تست قرار دارد""], ""independent_domains"": 1, ""observations"": 1}",فروشگاه مواد شوینده احمدی . فروشگاه مواد شوینده احمدی — فروشگاه مواد شوینده، کوهدشت، تلفن: 006-60000254 — همراه: 09120000254. آدرس: کوهدشت، بلوار شهید بهشتی، پلاک 44
186,بازرگانی پخش مواد شوینده بهرامی,NOT_FOUND,NOT_FOUND,گلستان,بندرگز,بندرگز,بندر گز، بلوار شهید بهشتی، پلاک 16,NOT_FOUND,NOT_FOUND,09120000298,,VALID,MOBILE,NOT_FOUND,,OK,DISTRIBUTOR,DETERGENT,DETERGENT,1,1,,,NOT_FOUND,66,70,HIGH,ACTIVE,"{""address"": ""OK"", ""city"": ""OK"", ""county"": ""OK"", ""province"": ""OK"", ""name"": ""OK"", ""website"": ""NOT_FOUND"", ""owner_name"": ""NOT_FOUND""}",2026-10-07T04:04:38.304904,2026-10-07T04:05:07.671412,2026-10-07T04:05:07.673572,NO,YES,"{""band_label"": ""اعتبار بالا"", ""components"": {""source"": 70.0, ""corroboration"": 40.0, ""fields"": 82.0, ""phone"": 93.0}, ""penalties"": [], ""reasons"": [""بهترین منبع با اعتبار 0.70"", ""1 منبع مستقل تأییدکننده"", ""پیش‌شماره با شهر کسب‌وکار سازگار است"", ""شماره در بلوک مصنوعی تست قرار دارد""], ""independent_domains"": 1, ""observations"": 1}",بازرگانی پخش مواد شوینده بهرامی دسته: مواد شوینده | نوع: پخش تلفن: 001-70000298 همراه: 09120000298 آدرس: بندر گز، بلوار شهید بهشتی، پلاک 16
187,پخش مواد شوینده صادقی,NOT_FOUND,NOT_FOUND,گلستان,بندرگز,بندرگز,بندر گز، بلوار معلم، پلاک 65,NOT_FOUND,NOT_FOUND,09120000299,,VALID,MOBILE,NOT_FOUND,,OK,DISTRIBUTOR,DETERGENT,DETERGENT,1,1,,,NOT_FOUND,66,70,HIGH,ACTIVE,"{""address"": ""OK"", ""city"": ""OK"", ""county"": ""OK"", ""province"": ""OK"", ""name"": ""OK"", ""website"": ""NOT_FOUND"", ""owner_name"": ""NOT_FOUND""}",2026-10-07T04:04:38.501701,2026-10-07T04:05:07.675678,2026-10-07T04:05:07.678201,NO,YES,"{""band_label"": ""اعتبار بالا"", ""components"": {""source"": 70.0, ""corroboration"": 40.0, ""fields"": 82.0, ""phone"": 93.0}, ""penalties"": [], ""reasons"": [""بهترین منبع با اعتبار 0.70"", ""1 منبع مستقل تأییدکننده"", ""پیش‌شماره با شهر کسب‌وکار سازگار است"", ""شماره در بلوک مصنوعی تست قرار دارد""], ""independent_domains"": 1, ""observations"": 1}",پخش مواد شوینده صادقی دسته: مواد شوینده | نوع: پخش تلفن: 001-70000299 همراه: 09120000299 آدرس: بندر گز، بلوار معلم، پلاک 65
189,عمده فروشی محصولات بهداشتی مرادی,NOT_FOUND,NOT_FOUND,اصفهان,نطنز,نطنز,نطنز، بلوار شهید بهشتی، پلاک 103,NOT_FOUND,NOT_FOUND,09120000212,,VALID,MOBILE,NOT_FOUND,,OK,WHOLESALER,HYGIENE,HYGIENE,1,1,,,NOT_FOUND,63,70,HIGH,ACTIVE,"{""address"": ""OK"", ""city"": ""OK"", ""county"": ""OK"", ""province"": ""OK"", ""name"": ""OK"", ""website"": ""NOT_FOUND"", ""owner_name"": ""NOT_FOUND""}",2026-10-07T04:04:38.770911,2026-10-07T04:05:40.863968,2026-10-07T04:05:40.866079,NO,YES,"{""band_label"": ""اعتبار بالا"", ""components"": {""source"": 70.0, ""corroboration"": 40.0, ""fields"": 82.0, ""phone"": 93.0}, ""penalties"": [], ""reasons"": [""بهترین منبع با اعتبار 0.70"", ""1 منبع مستقل تأییدکننده"", ""پیش‌شماره با شهر کسب‌وکار سازگار است"", ""شماره در بلوک مصنوعی تست قرار دارد""], ""independent_domains"": 1, ""observations"": 1}",عمده فروشی محصولات بهداشتی مرادی دسته: محصولات بهداشتی | نوع: عمده فروشی تلفن: 003-10000212 همراه: 09120000212 آدرس: نطنز، بلوار شهید بهشتی، پلاک 103
190,فروشگاه محصولات بهداشتی صادقی,NOT_FOUND,NOT_FOUND,اصفهان,نطنز,نطنز,نطنز، خیابان ۲۲ بهمن، پلاک 105,NOT_FOUND,NOT_FOUND,09120000217,,VALID,MOBILE,NOT_FOUND,,OK,RETAILER,HYGIENE,HYGIENE,1,1,,,NOT_FOUND,63,70,HIGH,ACTIVE,"{""address"": ""OK"", ""city"": ""OK"", ""county"": ""OK"", ""province"": ""OK"", ""name"": ""OK"", ""website"": ""NOT_FOUND"", ""owner_name"": ""NOT_FOUND""}",2026-10-07T04:04:39.192985,2026-10-07T04:05:36.640316,2026-10-07T04:05:36.642076,NO,YES,"{""band_label"": ""اعتبار بالا"", ""components"": {""source"": 70.0, ""corroboration"": 40.0, ""fields"": 82.0, ""phone"": 93.0}, ""penalties"": [], ""reasons"": [""بهترین منبع با اعتبار 0.70"", ""1 منبع مستقل تأییدکننده"", ""پیش‌شماره با شهر کسب‌وکار سازگار است"", ""شماره در بلوک مصنوعی تست قرار دارد""], ""independent_domains"": 1, ""observations"": 1}",فروشگاه محصولات بهداشتی صادقی دسته: محصولات بهداشتی | نوع: فروشگاه تلفن: 003-10000217 همراه: 09120000217 آدرس: نطنز، خیابان ۲۲ بهمن، پلاک 105
191,پخش محصولات بهداشتی نوری,NOT_FOUND,NOT_FOUND,سیستان و بلوچستان,خاش,خاش,خاش، خیابان بازار، پلاک 86,NOT_FOUND,NOT_FOUND,09120000358,,VALID,MOBILE,NOT_FOUND,,OK,DISTRIBUTOR,HYGIENE,HYGIENE,1,1,,,NOT_FOUND,63,70,HIGH,ACTIVE,"{""address"": ""OK"", ""city"": ""OK"", ""county"": ""OK"", ""province"": ""OK"", ""name"": ""OK"", ""website"": ""NOT_FOUND"", ""owner_name"": ""NOT_FOUND""}",2026-10-07T04:04:40.945867,2026-10-07T04:05:42.560724,2026-10-07T04:05:42.562470,NO,YES,"{""band_label"": ""اعتبار بالا"", ""components"": {""source"": 70.0, ""corroboration"": 40.0, ""fields"": 82.0, ""phone"": 93.0}, ""penalties"": [], ""reasons"": [""بهترین منبع با اعتبار 0.70"", ""1 منبع مستقل تأییدکننده"", ""پیش‌شماره با شهر کسب‌وکار سازگار است"", ""شماره در بلوک مصنوعی تست قرار دارد""], ""independent_domains"": 1, ""observations"": 1}",پخش محصولات بهداشتی نوری . پخش محصولات بهداشتی نوری — پخش محصولات بهداشتی، خاش، تلفن: 005-40000358 — همراه: 09120000358. آدرس: خاش، خیابان بازار، پلاک 86
194,شرکت عمده فروشی مواد شوینده رضایی,NOT_FOUND,NOT_FOUND,سیستان و بلوچستان,خاش,خاش,خاش، خیابان امام خمینی، پلاک 115,NOT_FOUND,NOT_FOUND,09120000343,,VALID,MOBILE,NOT_FOUND,,OK,WHOLESALER,DETERGENT,DETERGENT,1,1,,,NOT_FOUND,66,70,HIGH,ACTIVE,"{""address"": ""OK"", ""city"": ""OK"", ""county"": ""OK"", ""province"": ""OK"", ""name"": ""OK"", ""website"": ""NOT_FOUND"", ""owner_name"": ""NOT_FOUND""}",2026-10-07T04:04:42.701541,2026-10-07T04:05:42.532628,2026-10-07T04:05:42.534748,NO,YES,"{""band_label"": ""اعتبار بالا"", ""components"": {""source"": 70.0, ""corroboration"": 40.0, ""fields"": 82.0, ""phone"": 93.0}, ""penalties"": [], ""reasons"": [""بهترین منبع با اعتبار 0.70"", ""1 منبع مستقل تأییدکننده"", ""پیش‌شماره با شهر کسب‌وکار سازگار است"", ""شماره در بلوک مصنوعی تست قرار دارد""], ""independent_domains"": 1, ""observations"": 1}",شرکت عمده فروشی مواد شوینده رضایی . شرکت عمده فروشی مواد شوینده رضایی — عمده فروشی مواد شوینده، خاش، تلفن: 005-40000343 — همراه: 09120000343. آدرس: خاش، خیابان امام خمینی، پلاک 115
195,بازرگانی عمده فروشی مواد شوینده قاسمی,NOT_FOUND,NOT_FOUND,سیستان و بلوچستان,خاش,خاش,خاش، خیابان امام خمینی، پلاک 51,NOT_FOUND,NOT_FOUND,09120000344,,VALID,MOBILE,NOT_FOUND,,OK,WHOLESALER,DETERGENT,DETERGENT,1,1,,,NOT_FOUND,66,70,HIGH,ACTIVE,"{""address"": ""OK"", ""city"": ""OK"", ""county"": ""OK"", ""province"": ""OK"", ""name"": ""OK"", ""website"": ""NOT_FOUND"", ""owner_name"": ""NOT_FOUND""}",2026-10-07T04:04:42.978025,2026-10-07T04:05:42.536390,2026-10-07T04:05:42.538284,NO,YES,"{""band_label"": ""اعتبار بالا"", ""components"": {""source"": 70.0, ""corroboration"": 40.0, ""fields"": 82.0, ""phone"": 93.0}, ""penalties"": [], ""reasons"": [""بهترین منبع با اعتبار 0.70"", ""1 منبع مستقل تأییدکننده"", ""پیش‌شماره با شهر کسب‌وکار سازگار است"", ""شماره در بلوک مصنوعی تست قرار دارد""], ""independent_domains"": 1, ""observations"": 1}",بازرگانی عمده فروشی مواد شوینده قاسمی . بازرگانی عمده فروشی مواد شوینده قاسمی — عمده فروشی مواد شوینده، خاش، تلفن: 005-40000344 — همراه: 09120000344. آدرس: خاش، خیابان امام خمینی، پلاک 51
196,شرکت عمده فروشی مواد شوینده حسینی,NOT_FOUND,NOT_FOUND,لرستان,کوهدشت,کوهدشت,کوهدشت، خیابان امام خمینی، پلاک 200,NOT_FOUND,NOT_FOUND,09120000248,,VALID,MOBILE,NOT_FOUND,,OK,WHOLESALER,DETERGENT,DETERGENT,1,1,,,NOT_FOUND,66,70,HIGH,ACTIVE,"{""address"": ""OK"", ""city"": ""OK"", ""county"": ""OK"", ""province"": ""OK"", ""name"": ""OK"", ""website"": ""NOT_FOUND"", ""owner_name"": ""NOT_FOUND""}",2026-10-07T04:04:43.038245,2026-10-07T04:05:40.735812,2026-10-07T04:05:40.738085,NO,YES,"{""band_label"": ""اعتبار بالا"", ""components"": {""source"": 70.0, ""corroboration"": 40.0, ""fields"": 82.0, ""phone"": 93.0}, ""penalties"": [], ""reasons"": [""بهترین منبع با اعتبار 0.70"", ""1 منبع مستقل تأییدکننده"", ""پیش‌شماره با شهر کسب‌وکار سازگار است"", ""شماره در بلوک مصنوعی تست قرار دارد""], ""independent_domains"": 1, ""observations"": 1}",شرکت عمده فروشی مواد شوینده حسینی . شرکت عمده فروشی مواد شوینده حسینی — عمده فروشی مواد شوینده، کوهدشت، تلفن: 006-60000248 — همراه: 09120000248. آدرس: کوهدشت، خیابان امام خمینی، پلاک 200
197,شرکت عمده فروشی مواد شوینده قاسمی,NOT_FOUND,NOT_FOUND,گلستان,بندرگز,بندرگز,بندر گز، خیابان طالقانی، پلاک 161,NOT_FOUND,NOT_FOUND,09120000296,,VALID,MOBILE,NOT_FOUND,,OK,WHOLESALER,DETERGENT,DETERGENT,1,1,,,NOT_FOUND,66,70,HIGH,ACTIVE,"{""address"": ""OK"", ""city"": ""OK"", ""county"": ""OK"", ""province"": ""OK"", ""name"": ""OK"", ""website"": ""NOT_FOUND"", ""owner_name"": ""NOT_FOUND""}",2026-10-07T04:04:43.057062,2026-10-07T04:04:54.000930,2026-10-07T04:04:54.003002,NO,YES,"{""band_label"": ""اعتبار بالا"", ""components"": {""source"": 70.0, ""corroboration"": 40.0, ""fields"": 82.0, ""phone"": 93.0}, ""penalties"": [], ""reasons"": [""بهترین منبع با اعتبار 0.70"", ""1 منبع مستقل تأییدکننده"", ""پیش‌شماره با شهر کسب‌وکار سازگار است"", ""شماره در بلوک مصنوعی تست قرار دارد""], ""independent_domains"": 1, ""observations"": 1}",شرکت عمده فروشی مواد شوینده قاسمی . شرکت عمده فروشی مواد شوینده قاسمی — عمده فروشی مواد شوینده، بندر گز، تلفن: 001-70000296 — همراه: 09120000296. آدرس: بندر گز، خیابان طالقانی، پلاک 161
199,شرکت فروشگاه لوازم آرایشی و بهداشتی مرادی,NOT_FOUND,NOT_FOUND,سیستان و بلوچستان,خاش,خاش,خاش، خیابان ۲۲ بهمن، پلاک 60,NOT_FOUND,NOT_FOUND,09120000374,,VALID,MOBILE,NOT_FOUND,,OK,RETAILER,COSMETIC,COSMETIC,1,1,,,NOT_FOUND,75,70,HIGH,ACTIVE,"{""address"": ""OK"", ""city"": ""OK"", ""county"": ""OK"", ""province"": ""OK"", ""name"": ""OK"", ""website"": ""NOT_FOUND"", ""owner_name"": ""NOT_FOUND""}",2026-10-07T04:04:45.186596,2026-10-07T04:05:30.237842,2026-10-07T04:05:30.267305,NO,YES,"{""band_label"": ""اعتبار بالا"", ""components"": {""source"": 70.0, ""corroboration"": 40.0, ""fields"": 82.0, ""phone"": 93.0}, ""penalties"": [], ""reasons"": [""بهترین منبع با اعتبار 0.70"", ""1 منبع مستقل تأییدکننده"", ""پیش‌شماره با شهر کسب‌وکار سازگار است"", ""شماره در بلوک مصنوعی تست قرار دارد""], ""independent_domains"": 1, ""observations"": 1}",شرکت فروشگاه لوازم آرایشی و بهداشتی مرادی . شرکت فروشگاه لوازم آرایشی و بهداشتی مرادی — فروشگاه لوازم آرایشی و بهداشتی، خاش، تلفن: 005-40000374 — همراه: 09120000374. آدرس: خاش، خیابان ۲۲ بهمن، پلاک 60
200,بازرگانی فروشگاه لوازم آرایشی و بهداشتی رحیمی,NOT_FOUND,NOT_FOUND,اصفهان,نطنز,نطنز,نطنز، بلوار معلم، پلاک 118,NOT_FOUND,NOT_FOUND,09120000229,,VALID,MOBILE,NOT_FOUND,,OK,RETAILER,COSMETIC,COSMETIC,1,1,,,NOT_FOUND,75,70,HIGH,ACTIVE,"{""address"": ""OK"", ""city"": ""OK"", ""county"": ""OK"", ""province"": ""OK"", ""name"": ""OK"", ""website"": ""NOT_FOUND"", ""owner_name"": ""NOT_FOUND""}",2026-10-07T04:04:57.740595,2026-10-07T04:05:43.151963,2026-10-07T04:05:43.153779,NO,YES,"{""band_label"": ""اعتبار بالا"", ""components"": {""source"": 70.0, ""corroboration"": 40.0, ""fields"": 82.0, ""phone"": 93.0}, ""penalties"": [], ""reasons"": [""بهترین منبع با اعتبار 0.70"", ""1 منبع مستقل تأییدکننده"", ""پیش‌شماره با شهر کسب‌وکار سازگار است"", ""شماره در بلوک مصنوعی تست قرار دارد""], ""independent_domains"": 1, ""observations"": 1}",بازرگانی فروشگاه لوازم آرایشی و بهداشتی رحیمی . بازرگانی فروشگاه لوازم آرایشی و بهداشتی رحیمی — فروشگاه لوازم آرایشی و بهداشتی، نطنز، تلفن: 003-10000229 — همراه: 09120000229. آدرس: نطنز، بلوار معلم، پلاک 118
201,شرکت فروشگاه لوازم آرایشی و بهداشتی صادقی,NOT_FOUND,NOT_FOUND,اصفهان,نطنز,نطنز,نطنز، بلوار شهید بهشتی، پلاک 109,NOT_FOUND,NOT_FOUND,09120000232,,VALID,MOBILE,NOT_FOUND,,OK,RETAILER,COSMETIC,COSMETIC,1,1,,,NOT_FOUND,75,70,HIGH,ACTIVE,"{""address"": ""OK"", ""city"": ""OK"", ""county"": ""OK"", ""province"": ""OK"", ""name"": ""OK"", ""website"": ""NOT_FOUND"", ""owner_name"": ""NOT_FOUND""}",2026-10-07T04:04:57.933231,2026-10-07T04:05:43.159193,2026-10-07T04:05:43.161020,NO,YES,"{""band_label"": ""اعتبار بالا"", ""components"": {""source"": 70.0, ""corroboration"": 40.0, ""fields"": 82.0, ""phone"": 93.0}, ""penalties"": [], ""reasons"": [""بهترین منبع با اعتبار 0.70"", ""1 منبع مستقل تأییدکننده"", ""پیش‌شماره با شهر کسب‌وکار سازگار است"", ""شماره در بلوک مصنوعی تست قرار دارد""], ""independent_domains"": 1, ""observations"": 1}",شرکت فروشگاه لوازم آرایشی و بهداشتی صادقی . شرکت فروشگاه لوازم آرایشی و بهداشتی صادقی — فروشگاه لوازم آرایشی و بهداشتی، نطنز، تلفن: 003-10000232 — همراه: 09120000232. آدرس: نطنز، بلوار شهید بهشتی، پلاک 109
202,عمده فروشی لوازم آرایشی و بهداشتی مرادی,NOT_FOUND,NOT_FOUND,لرستان,کوهدشت,کوهدشت,کوهدشت، خیابان ۲۲ بهمن، پلاک 156,NOT_FOUND,NOT_FOUND,09120000269,,VALID,MOBILE,NOT_FOUND,,OK,WHOLESALER,COSMETIC,COSMETIC,1,1,,,NOT_FOUND,75,70,HIGH,ACTIVE,"{""address"": ""OK"", ""city"": ""OK"", ""county"": ""OK"", ""province"": ""OK"", ""name"": ""OK"", ""website"": ""NOT_FOUND"", ""owner_name"": ""NOT_FOUND""}",2026-10-07T04:04:59.332984,2026-10-07T04:05:43.177579,2026-10-07T04:05:43.179447,NO,YES,"{""band_label"": ""اعتبار بالا"", ""components"": {""source"": 70.0, ""corroboration"": 40.0, ""fields"": 82.0, ""phone"": 93.0}, ""penalties"": [], ""reasons"": [""بهترین منبع با اعتبار 0.70"", ""1 منبع مستقل تأییدکننده"", ""پیش‌شماره با شهر کسب‌وکار سازگار است"", ""شماره در بلوک مصنوعی تست قرار دارد""], ""independent_domains"": 1, ""observations"": 1}",عمده فروشی لوازم آرایشی و بهداشتی مرادی . عمده فروشی لوازم آرایشی و بهداشتی مرادی — عمده فروشی لوازم آرایشی و بهداشتی، کوهدشت، تلفن: 006-60000269 — همراه: 09120000269. آدرس: کوهدشت، خیابان ۲۲ بهمن، پلاک 156
204,بازرگانی فروشگاه محصولات بهداشتی موسوی,NOT_FOUND,NOT_FOUND,لرستان,کوهدشت,کوهدشت,کوهدشت، خیابان ۲۲ بهمن، پلاک 67,NOT_FOUND,NOT_FOUND,09120000268,,VALID,MOBILE,NOT_FOUND,,OK,RETAILER,HYGIENE,HYGIENE,1,1,,,NOT_FOUND,63,70,HIGH,ACTIVE,"{""address"": ""OK"", ""city"": ""OK"", ""county"": ""OK"", ""province"": ""OK"", ""name"": ""OK"", ""website"": ""NOT_FOUND"", ""owner_name"": ""NOT_FOUND""}",2026-10-07T04:04:59.762621,2026-10-07T04:05:43.173772,2026-10-07T04:05:43.175967,NO,YES,"{""band_label"": ""اعتبار بالا"", ""components"": {""source"": 70.0, ""corroboration"": 40.0, ""fields"": 82.0, ""phone"": 93.0}, ""penalties"": [], ""reasons"": [""بهترین منبع با اعتبار 0.70"", ""1 منبع مستقل تأییدکننده"", ""پیش‌شماره با شهر کسب‌وکار سازگار است"", ""شماره در بلوک مصنوعی تست قرار دارد""], ""independent_domains"": 1, ""observations"": 1}",بازرگانی فروشگاه محصولات بهداشتی موسوی . بازرگانی فروشگاه محصولات بهداشتی موسوی — فروشگاه محصولات بهداشتی، کوهدشت، تلفن: 006-60000268 — همراه: 09120000268. آدرس: کوهدشت، خیابان ۲۲ بهمن، پلاک 67
207,بازرگانی فروشگاه لوازم آرایشی و بهداشتی رضایی,NOT_FOUND,NOT_FOUND,گلستان,بندرگز,بندرگز,بندر گز، کوی کارگران، پلاک 31,NOT_FOUND,NOT_FOUND,09120000328,,VALID,MOBILE,NOT_FOUND,,OK,RETAILER,COSMETIC,COSMETIC,1,1,,,NOT_FOUND,75,70,HIGH,ACTIVE,"{""address"": ""OK"", ""city"": ""OK"", ""county"": ""OK"", ""province"": ""OK"", ""name"": ""OK"", ""website"": ""NOT_FOUND"", ""owner_name"": ""NOT_FOUND""}",2026-10-07T04:05:20.877451,2026-10-07T04:05:21.203876,2026-10-07T04:05:21.206677,NO,YES,"{""band_label"": ""اعتبار بالا"", ""components"": {""source"": 70.0, ""corroboration"": 40.0, ""fields"": 82.0, ""phone"": 93.0}, ""penalties"": [], ""reasons"": [""بهترین منبع با اعتبار 0.70"", ""1 منبع مستقل تأییدکننده"", ""پیش‌شماره با شهر کسب‌وکار سازگار است"", ""شماره در بلوک مصنوعی تست قرار دارد""], ""independent_domains"": 1, ""observations"": 1}",بازرگانی فروشگاه لوازم آرایشی و بهداشتی رضایی دسته: لوازم آرایشی و بهداشتی | نوع: فروشگاه تلفن: 001-70000328 همراه: 09120000328 آدرس: بندر گز، کوی کارگران، پلاک 31
